"Offense","Statute","Citation","Adult2023","Juvenile2023","Adult2024","Juvenile2024","Adult2025","Juvenile2025"
"ABANDON ENDANGER CHILD INT/KNOW/RECK/CRIM NEG - 38060021","PC","22.041(f)",1642,15,378,3,163,0
"ABANDON ENDANGER CHILD W/INTENT TO RETURN - 38060019","PC","22.041(d)(1)",388,1,70,0,37,0
"ABANDON ENDANGER CHILD W/O INTENT TO RETURN - 38060020","PC","22.041(d)(2)",43,0,9,0,6,0
"ABANDON/ENDANGER CHILD CRIM NEGLIGENCE - 38060004","PC","22.041(c)",7,0,2,0,1,0
"ABANDON/ENDANGER CHILD CRIM NEGLIGENCE - 38060009","PC","22.041(c)",396,1,222,0,71,0
"ABANDON/ENDANGER CHILD IMMINENT DANGER BI - 38060001","PC","22.041(e)",467,8,122,3,86,0
"ABANDON/ENDANGER CHILD INDV IMMNT DANGER BI - 38990041","PC","22.041(e)",106,5,646,9,801,7
"ABANDON/ENDANGER CHILD INDV W/INTENT RETURN - 38990039","PC","22.041(d)(1)",163,1,877,7,1028,3
"ABANDON/ENDANGER CHILD INDV W/O INTENT RETURN - 38990040","PC","22.041(d)(2)",14,0,78,0,106,2
"ABANDON/ENDANGER CHILD W/ INTENT TO RETURN - 38060002","PC","22.041(b)",2,0,2,0,7,0
"ABANDON/ENDANGER CHILD W/ INTENT TO RETURN - 38060012","PC","22.041(b)",131,0,55,0,11,0
"ABANDON/ENDANGER CHILD W/O INTENT TO RETURN - 38060003","PC","22.041(b)",36,0,10,0,5,0
"ABNDN/ENDANGR CHLD INDV INT/KNOW/RECK/CRIM NEG - 38990042","PC","22.041(f)",405,2,1950,15,2303,13
"ABORTION-INDUCING DRUGS VIOLATION - 14990004","HSC","171.065(a)",0,0,1,0,0,0
"ABUSE OF CORPSE - 72990001","PC","42.1",0,0,1,0,0,0
"ABUSE OF CORPSE WITHOUT LEGAL AUTHORITY - 72990015","PC","42.08",2,0,2,0,3,0
"ABUSE OF CORPSE WITHOUT LEGAL AUTHORITY - 73990704","PC","42.08(b)",16,0,20,1,31,0
"ABUSE OF OFFICIAL CAPACITY - 23990058","PC","39.02(a)(1)",3,0,1,0,0,0
"ABUSE OF OFFICIAL CAPACITY - 23990184","PC","39.02(b)",8,0,5,0,12,0
"ABUSE OF OFFICIAL CAPACITY >=$100<$750 - 23990185","PC","39.02(c)(2)",1,0,2,0,2,0
"ABUSE OF OFFICIAL CAPACITY >=$2,500<$30K - 23990187","PC","39.02(c)(4)",3,0,2,0,10,0
"ABUSE OF OFFICIAL CAPACITY >=$300K - 23990190","PC","39.02(c)(7)",0,0,5,0,1,0
"ABUSE OF OFFICIAL CAPACITY >=$30K<$150K - 23990188","PC","39.02(c)(5)",0,0,0,0,2,0
"ABUSE OF OFFICIAL CAPACITY >=$750<$2,500 - 23990186","PC","39.02(c)(3)",0,0,0,0,1,0
"ABUSE OF OFFICIAL CAPACITY>=$1,500<$20K - 23990061","PC","39.02(c)(4)",1,0,0,0,0,0
"ABUSE OF OFFICIAL CAPACITY>=$20K<$100K - 23990062","PC","39.02(c)(5)",0,0,1,0,0,0
"ACCIDENT BOATING - 62990036","PWC","31.104",0,0,0,0,1,0
"ACCIDENT BOATING DEATH/SBI - 62990037","PWC","31.104",1,0,0,0,0,0
"ACCIDENT INVOLVING DAMAGE TO VEHICLE>=$200 - 54010006","TRC","550.022(b)",46,0,56,0,17,0
"ACCIDENT INVOLVING SBI/DEATH - 54010005","TRC","550.021(c)(1)",8,0,9,0,6,0
"ACCIDENT REPORT FALSE INFORMATION - 54990009","TRC","601.004(i)",3,0,3,0,1,0
"ACQ INT PROPRTY/CNTRL RACKETEER/UNLAW DBT COLL - 73990743","PC","72.03(b)",0,0,0,0,1,0
"ACTING AS AGENT AFTER LICENSE SUSPEND/REVOKED - 73991099","IC","4005.151(b)",0,0,0,0,1,0
"ACUPUNCTURE ACT W/O LICENSE - 73990485","OC","205.401",0,0,1,0,0,0
"ADMINISTER MEDICATION TO CHILD W/O PERMISSION - 38990005","HRC","42.065(h)",0,0,5,0,0,0
"AFFIDAVIT REQUITED/LABOR/CONSTRUCTION MATTER - 26070074","PRC","53.085",0,0,1,0,0,0
"AGENT PROCURING BY FRAUDULENT REPRESENTATION - 26040003","IC","21.15-3(a)",0,0,1,0,0,0
"AGENT WRONGFULLY FAIL TO ISSUE BILL OF LADING - 73991071","BCC","252.003(c)",0,0,0,0,1,0
"AGG ASSAULT AGAINST PB SERVANT - 13150002","PC","22.02(b)(2)",112,3,9,1,5,1
"AGG ASSAULT AGAINST PROCESS SERVER - 13150012","PC","22.02(b)(2)(D)",0,0,4,0,3,0
"AGG ASSAULT AGAINST PUB SERVANT - 13150011","PC","22.02(b)(2)(B)",845,63,880,60,902,66
"AGG ASSAULT AGAINST SECURITY OFFICER - 13150009","PC","22.02(b)(2)(D)",14,0,7,0,4,0
"AGG ASSAULT AGAINST SECURITY OFFICER - 13150013","PC","22.02(b)(2)(E)",45,2,39,4,49,1
"AGG ASSAULT BY PUB SERVANT - 13150010","PC","22.02(b)(2)(A)",47,2,50,5,51,3
"AGG ASSAULT BY/AGAINST PUBLIC SERVANT - 13150001","PC","22.02(b)(1)",12,2,9,0,1,0
"AGG ASSAULT DATE/FAMILY/HOUSE W/WEAPON - 13150007","PC","22.02(b)(1)",2263,249,372,36,168,24
"AGG ASSAULT DATE/FAMILY/HOUSE W/WEAPON SBI - 13020001","PC","22.02(b)(1)(A)",351,16,1192,93,1238,101
"AGG ASSAULT IN RETALIATION - 13150008","PC","22.02(b)(2)(C)",23,0,19,5,8,1
"AGG ASSAULT MV DISCH FIREARM AT H/B/V SBI - 13140003","PC","22.02(b)(3)(C)",0,0,3,0,0,0
"AGG ASSAULT MV DISCH FIREARM AT HAB/BLDG/VEH - 13140001","PC","22.02(b)(3)(A)",1,0,2,0,1,0
"AGG ASSAULT ON SECURITY OFFICER - 13150006","PC","22.02(b)(4)",26,1,18,1,14,0
"AGG ASSAULT W/WEAPON BRAIN INJURY/PARALYSIS - 13150014","PC","22.02(b)(1)(B)",1,1,25,0,13,0
"AGG ASSLT CAUSES BI COURT PROCEEDING PARTICIP - 13000001","PC","22.02(a)(3)",2,0,0,0,0,0
"AGG ASSLT CAUSES SBI - 13000002","PC","22.02(a)(1)",2,0,7,1,4,0
"AGG ASSLT CAUSES SERIOUS BODILY INJ - 13150004","PC","22.02(a)(1)",4042,256,3802,223,3095,193
"AGG ASSLT MV DISCH FRARM RKLS HAB/BLDG/VEH SBI - 13140002","PC","22.02(b)(3)",57,4,73,9,163,2
"AGG ASSLT THREATEN CITED BOARD MEMBR/EMPL/PO - 13000003","PC","22.02(a)(2)",0,0,0,0,1,0
"AGG ASSLT W/DEADLY WEAPON - 13000004","PC","22.02(a)(4)",34,2,26,6,28,9
"AGG ASSLT W/DEADLY WEAPON - 13150005","PC","22.02(a)(2)",17126,1153,18327,1163,17589,1126
"AGG ASSLT W/DEADLY WPN CITED BOARD MEM/EMPL/PO - 13000005","PC","22.02(a)(2)",0,0,1,0,0,0
"AGG KIDNAPPING - 10990004","PC","20.04(a)(1-6)",87,1,51,0,33,0
"AGG KIDNAPPING BI/SEXUAL ABUSE - 10990013","PC","20.04(a)(4)",12,0,7,0,3,0
"AGG KIDNAPPING BI/SEXUAL ABUSE SAFE RELEASE - 10990014","PC","20.04(d)",1,0,0,0,0,0
"AGG KIDNAPPING BOD INJURY - 10990025","PC","20.04(a)(4)",50,0,90,2,72,4
"AGG KIDNAPPING BOD INJURY ABUSE SAFE RELEASE - 10990026","PC","20.04(d)",0,0,3,0,1,0
"AGG KIDNAPPING FACILITATE - 10990011","PC","20.04(a)(3)",25,2,17,4,32,0
"AGG KIDNAPPING FACILITATE SAFE RELEASE - 10990012","PC","20.04(d)",9,0,5,0,5,0
"AGG KIDNAPPING FOR RANSOM/REWARD - 10990007","PC","20.04(a)(1)",24,0,45,2,23,1
"AGG KIDNAPPING FOR RANSOM/REWARD SAFE RELEASE - 10990008","PC","20.04(d)",3,0,0,0,0,0
"AGG KIDNAPPING INTERFERE PERFORMANCE - 10990017","PC","20.04(a)(6)",2,0,0,0,3,0
"AGG KIDNAPPING SEXUAL ABUSE - 10990023","PC","20.04(a)(4)",28,1,28,1,35,1
"AGG KIDNAPPING SEXUAL ABUSE SAFE RELEASE - 10990024","PC","20.04(d)",2,0,2,0,1,0
"AGG KIDNAPPING TERRORIZE - 10990015","PC","20.04(a)(5)",28,1,16,1,23,0
"AGG KIDNAPPING TERRORIZE SAFE RELEASE - 10990016","PC","20.04(d)",2,0,1,0,0,0
"AGG KIDNAPPING USE AS SHIELD/HOSTAGE - 10990009","PC","20.04(a)(2)",0,0,1,0,10,0
"AGG KIDNAPPING USE AS SHIELD/HOSTAGE SAFE REL - 10990010","PC","20.04(d)",0,0,1,0,0,0
"AGG KIDNAPPING W/ DEADLY WEAPON - 10990021","PC","20.04(b)",302,6,253,14,245,7
"AGG KIDNAPPING W/ DEADLY WEAPON SAFE RELEASE - 10990022","PC","20.04(d)",8,0,1,0,1,0
"AGG KIDNAPPING W/DEADLY WEAPON - 10990005","PC","20.04(b)",5,0,4,0,2,0
"AGG MAN/DEL/POSS CS >=400G PG 3/4 - 35000019","HSC","481.114(d)(2)",0,0,1,0,0,0
"AGG ONLINE PROMOTION PROST PERSON <18YOA - 40020016","PC","43.041(b)(2)",0,0,0,0,1,0
"AGG POSS CS PG 1 >=28G BUT <400G - 35000021","HSC","481.115(d)(1)",1,0,0,0,0,0
"AGG POSS CS PG 1 >=400G - 35000022","HSC","481.115(d)(2)",1,0,0,0,0,0
"AGG PROMOTION OF PROSTITUTION - 40020002","PC","43.04",1,0,1,0,2,0
"AGG PROMOTION OF PROSTITUTION - 40020006","PC","43.04(b)",0,0,1,0,0,0
"AGG PROMOTION OF PROSTITUTION - 40020010","PC","43.04(b)",1,0,1,0,1,0
"AGG PROMOTION OF PROSTITUTION - 40020020","PC","43.04(b)",21,0,52,0,71,0
"AGG PROMOTION OF PROSTITUTION PERSON/S < 18YOA - 40020007","PC","43.04(b)",5,0,8,0,2,0
"AGG ROBBERY - 12990002","PC","29.03",4585,879,4275,726,3188,556
"AGG ROBBERY - 12990004","PC","29.03(b)",0,0,0,0,638,131
"AGG SEXUAL ASSAULT OF ELDERLY/DISABLE PERSON - 11990006","PC","22.021(a)(2)(C)",8,1,8,0,2,0
"AGG SEXUAL ASSLT - 11990003","PC","22.021",428,46,421,39,395,46
"AGG SEXUAL ASSLT CHILD - 11990004","PC","22.021(a)(2)(B)",1857,481,1779,482,1592,400
"AGGRAV ASSLT-WEAPON - 13150000","X","X",0,0,1,0,0,0
"AGGRAVATED ASSAULT - 13990094","PC","22.02(b)",0,0,0,0,110,21
"AGGRAVATED ASSAULT MASS SHOOTING - 13140004","PC","22.02(b)(4)",1,0,32,0,39,0
"AGGRAVATED KIDNAPPING RELEASE VICTIM ALIVE - 10000001","PC","20.04(b)",1,0,0,1,0,0
"AGGRAVATED ONLINE PROMOTION PROSTITUTION - 40020014","PC","43.041(b)",1,0,4,0,4,0
"AGGRAVATED PERJURY - 50030002","PC","37.03",34,0,15,0,19,0
"AGGRAVATED ROBBERY - 12000001","PC","29.03",14,3,5,3,5,3
"AGGRAVATED SEXUAL ASSLT CHILD - 11000001","PC","22.021(a)(1)(B)",2,0,8,1,1,5
"AIDING IN COMMISSION OF TERRORISM - 16030001","PC","76.03(b)",0,0,0,0,1,0
"AIDING IN COMMISSION OF TERRORISM - 16030003","PC","76.03(b)",0,0,0,0,1,0
"AIDING IN COMMISSION OF TERRORISM - 16030004","PC","76.03(b)",0,0,0,0,1,0
"AIDING SUICIDE SBI - 70990001","PC","22.08(b)",0,0,1,0,1,0
"AIDING SUICIDE/SBI - 70990044","PC","22.08(b)",0,0,1,0,0,0
"AIDS/CALLS/PARTIC IN MTG CLOSED TO PUB - 73990020","GC","551.43",0,0,2,0,0,0
"AIRBAGS: MAKE/SELL COUNTERFEIT INTENT ALTERS - 25990015","TRC","547.614(b)",1,0,1,0,1,0
"ALCOHOLIC BEVERAGE CODE VIOLATION - 41990023","ABC","1.05",44,0,32,0,54,0
"ALCOHOLIC BEVERAGE IN DRY AREA - 41020029","ABC","101.31",1,0,0,0,0,0
"ALLOW RACETRACK WAGERING BY MINOR - 39990006","VCS","179E-14.03",0,0,0,0,1,0
"ALTER NUMBER ON VEH/PART TO CHANGE IDENTITY - 26000154","VCS","6687-1(49)(a)(1)",6,0,2,0,2,0
"ALTER/DEST/REMOVE REQ IDENT NUM ON VESSELS - 26990191","PWC","31.127(b)",1,0,0,0,5,0
"ALTER/DEST/REMOVE REQ IDENT NUM ON VESSELS - 73991019","PWC","31.043",2,0,0,0,0,0
"ALTER/MAKE ILLEGIBLE LICENSE PLATE - 26000192","VCS","6675b-7",1,0,0,0,0,0
"ALTER/OBSCURE LICENSE PLATE 2+ PREV CONV IAT - 25090006","TRC","504.945(f)(2)",0,0,14,0,7,0
"ALTERED PESTICIDE CHEMICAL SUBSTANCE ENH - 55000002","AGC","76.201(b)(2)",1,0,0,0,0,0
"ANTIQUITIES CODE VIOLATION - 29990034","NRC","191.171",0,0,5,0,4,0
"AQUATIC LIFE REGULATION VIOLATION - 62020051","HSC","436.038(e)",10,0,1,0,1,0
"ARREST DATA NOT RECEIVED - 00020000","X","X",5,0,1,0,0,0
"ARSON - 20000001","PC","28.02(a)",13,2,6,2,5,0
"ARSON - 20990001","PC","28.02(a)",150,21,60,8,36,4
"ARSON - 20990010","PC","28.02(d)",362,82,476,51,461,72
"ARSON BODILY INJ - 20990003","PC","28.02(d)",8,0,0,1,0,0
"ARSON BODILY INJURY OR DEATH - 20000002","PC","28.02(a)",2,0,0,0,0,0
"ARSON CAUSING BODILY INJURY/DEATH IAT - 20990004","PC","28.02(d)(1)",12,0,14,0,24,0
"ARSON CLASS C - 20999999","X","CLASS C",21,0,15,0,17,0
"ARSON INTEND DAMAGE HAB/PLACE OF WORSHIP IAT - 20990005","PC","28.02(d)(2)",246,22,238,20,188,20
"ARSON OF BLDG/HABIT/VEH W/INT INJURY OR DAMAGE - 20990006","PC","28.02(a)(2)",1,1,0,0,1,0
"ARSON RECK DAMAGE BLDG/RECK CAUSE BI OR DEATH - 20990009","PC","28.02(f)",72,13,74,22,77,18
"ARSON W/MAN OR ATT MAN CONT SUB BI/DEATH IAT - 20990011","PC","28.02(e)",1,0,2,1,0,0
"ARSON W/MAN/ATT MAN CONT SUB DMGE BLDG/HAB/VEH - 20990012","PC","28.02(e)",9,2,12,0,9,3
"ASSAULT AGAINST ELDERLY OR DISABLED INDIVIDUAL - 13990049","PC","22.01(a)(3)",27,1,28,2,15,0
"ASSAULT AGAINST ELDERLY OR DISABLED INDIVIDUAL - 13990079","PC","22.01(c)(1)",410,45,449,26,545,47
"ASSAULT AGAINST GOVERNMENT CONTRACTOR/EMPLOYEE - 13990052","PC","22.01(b)(3)(A)",6,6,41,5,29,6
"ASSAULT AGAINST PERSON CONTRACTING W/GOVERN - 13990051","PC","22.01(b)(3)",5,0,1,0,1,1
"ASSAULT AGAINST SPORTS PARTICIPANT - 13990050","PC","22.01(c)(2)",7,0,4,4,2,1
"ASSAULT BI EMPLOYE/CONTRACTOR CIV COM FACILITY - 13990084","PC","22.01(b-1)",6,1,7,0,3,2
"ASSAULT BI FAM/HOUSE MEM 2+ W/IN 12 MONTHS - 13990071","PC","25.11",47,3,28,3,9,1
"ASSAULT BY/AGAINST PUB SERVANT W/WEAPON - 13990053","PC","22.02(3)(A,B)",1,0,2,0,0,0
"ASSAULT CAUSE BODILY INJ DATE/FAMILY/HOUSE ENH - 13990059","PC","22.01(b)(2)",34,2,30,2,18,1
"ASSAULT CAUSES BI DATE/FAMILY/HOUSE W/PREV - 13990055","PC","22.01(f)(1)",3,0,3,0,2,0
"ASSAULT CAUSES BI DATE/FAMILY/HOUSE W/WEAPON - 13990056","PC","22.02(3)(b)(1)",1,1,0,0,0,0
"ASSAULT CAUSES BI RETALIATION W/GOVERN - 13990057","PC","22.01(b)(3)(B)",1,2,7,0,8,2
"ASSAULT CAUSES BI RETALIATION W/WEAPON - 13990058","PC","22.02(3)(C)",0,1,0,0,0,0
"ASSAULT CAUSES BODILY INJ - 13990001","PC","22.01(a)(1)",13705,6619,14418,6358,14591,5946
"ASSAULT CAUSES BODILY INJ FAMILY VIOLENCE ENH - 13990037","PC","22.01(b)(2)",8,2,2,2,1,0
"ASSAULT CAUSES BODILY INJ FAMILY VIOLENCE ENH - 13990048","PC","22.01(b)(2)",7,1,2,1,2,0
"ASSAULT CAUSES BODILY INJURY - 13000007","PC","22.01(a)(1)",43,16,45,27,33,22
"ASSAULT CAUSES BODILY INJURY FAMILY MEMBER - 13990031","PC","22.01(a)(1)",44162,3877,45440,4046,44649,3774
"ASSAULT CAUSES BODILY INJURY INCLUDE SPOUSE - 13990060","PC","22.01(a)(1)",2,0,2,0,5,0
"ASSAULT CLASS C - 13999999","X","CLASS C",12270,0,12155,2,11034,7
"ASSAULT EMS PERSONNEL PROV SERV - 13990070","PC","22.01(b)(5)",191,5,164,6,116,3
"ASSAULT FAM/HOUSE MEM IMPEDE BREATH/CIRCULAT - 13990076","PC","22.01(b)(2)(B)",10376,190,10504,220,10224,193
"ASSAULT FAMILY MEMBER - 13000008","PC","22.01(a)(2)",130,11,156,9,78,16
"ASSAULT FAMILY MEMBER-MORE THAN TWO TIMES - 13000011","PC","22.01(d)(2)",1,0,1,0,0,0
"ASSAULT FAMILY MEMBER-ONE TIME - 13000009","PC","22.01(d)(2)",4,1,2,0,2,1
"ASSAULT FAMILY MEMBER-TWO TIMES - 13000010","PC","22.01(d)(2)",3,0,0,1,0,0
"ASSAULT FAMILY/HOUSEHOLD MEMBER - 13990074","PC","22.01(b-1)(1)",9,1,18,2,5,1
"ASSAULT FAMILY/HOUSEHOLD MEMBER PREV CONV IAT - 13990075","PC","22.01(b)(2)(A)",5970,13,5886,6,5377,16
"ASSAULT FORCE INDIV HAVE ABORTION THRT/CONTACT - 13990081","PC","22.01(c)(3)",1,1,1,0,0,0
"ASSAULT FORCE INDIVIDUAL TO HAVE ABORTION BI - 13990080","PC","22.01(b)(6)",0,0,0,0,1,0
"ASSAULT FORCE INDIVIDUAL TO HAVE ABORTION BI - 13990089","PC","22.01(b)(7)",0,0,2,0,0,0
"ASSAULT INT/RECK BREATH/CIRC FAM MEM PREV CONV - 13990073","PC","22.01(b-1)",46,3,40,0,16,1
"ASSAULT INT/RECK BREATH/CIRC FAM MEM PREV IAT - 13990083","PC","22.01(b-2)",464,0,142,0,30,0
"ASSAULT INT/RECK BREATH/CIRC FAM MEM PREV IAT - 13990087","PC","22.01(b-3)",457,4,760,6,702,2
"ASSAULT OF HOSPITAL PERSONNEL ON HOSP PROPERTY - 13990091","PC","22.01(b)(9)",82,1,387,26,514,33
"ASSAULT OF PREGNANT PERSON - 13990086","PC","22.01(b)(7)",123,1,193,1,226,1
"ASSAULT OF PREGNANT PERSON - 13990090","PC","22.01(b)(8)",1742,66,1772,83,1677,63
"ASSAULT ON PROCESS SERVER - 13990088","PC","22.01(b)(6)",2,0,2,0,1,0
"ASSAULT ON SECURITY OFFICER - 13990047","PC","22.01(4)",147,0,37,0,1,0
"ASSAULT ON SECURITY OFFICER - 13990061","PC","22.01(b)(4)",333,27,509,26,490,38
"ASSAULT PEACE OFFICER/JUDGE - 13990082","PC","22.01(b-2)",3057,257,3482,288,3581,281
"ASSAULT PUBLIC SERVANT - 13990063","PC","22.01(b)(1)",2665,1418,2586,1316,2335,1267
"ASSAULT THREATEN BODILY INJURY - 13000012","PC","22.01(a)(2)",4,0,6,0,1,1
"ASSAULT W/PREV CONV - 13990072","PC","22.01(b-1)(2)",1,0,6,0,1,0
"ASSEM/OPER AMUSE RIDE W/PREV INTX MAN CONV IAT - 73991044","PC","49.09(b)",0,0,1,0,0,0
"ASSEMBLE/OPERATE AMUSEMENT RIDE WHILE INTOX - 73990605","PC","49.065",1,0,1,0,0,0
"ASSLT CAUSE BODILY INJ: SMUGGLE OF PERSONS IAT - 64110041","PC","22.01(b-4)",0,0,0,0,2,0
"ASSLT CAUSES BI PATIENT EXCEPT TYC/TDC - 13000013","PC","22.01(b)(2)",1,0,0,0,1,0
"ASSLT CAUSES BI PATIENT MEDICAL/PSYCH INSTIT - 13000014","PC","22.01(b)(1)",2,0,0,0,1,1
"ASSLT ELDERLY/DISABLED - 13990030","PC","22.01(c)",15,0,3,0,2,1
"ASSLT PUBLIC SERVANT - 13990029","PC","22.01(b)(1)",20,7,24,2,16,2
"ASSUMED NAME BUSINESS CERTIFICATE VIOLATION - 26070241","BCC","71.202(b)",1,0,0,0,0,0
"ATTACK BY DOG CAUSES BODILY INJURY - 70990078","HSC","822.005(b)(1)",0,0,1,0,1,0
"ATTACK BY DOG CAUSES DEATH - 70990080","HSC","822.005(b)(3)",0,0,1,0,0,0
"ATTACK BY DOG CAUSES SERIOUS BODILY INJURY - 70990079","HSC","822.005(b)(2)",5,0,3,0,4,0
"ATTACK BY DOG RESULTING IN DEATH - 70990145","HSC","822.005(b)",4,0,1,0,3,0
"ATTACK BY DOG RESULTING IN SBI - 70990144","HSC","822.005(b)",22,0,22,0,36,0
"ATTACK ON ASSISTANCE ANIMAL - 62990040","PC","42.091(c)(1)",2,0,1,0,1,0
"ATTACK ON ASSISTANCE ANIMAL - CAUSES DEATH - 62990042","PC","42.091 (C)(3)",0,0,0,0,1,0
"ATTEMPT TO TAKE WEAPON FROM AN OFFICER - 52030022","PC","38.14",251,21,279,27,268,11
"AUTOMATED MOTOR VEHICLE OPERATION VIOLATION - 54990085","TRC","545.455(d)",0,0,0,0,0,1
"BAD CHECK ISSUANCE CHILD SUPPORT - 38060014","PC","32.41(f)",0,0,2,0,2,0
"BAIL BONDS SURETIES REGULATIONS - 73990518","OC","1704.305",1,0,0,0,1,0
"BAIL JUMPING AND FAIL TO APPEAR - 50150003","PC","38.10(d)",1537,1,1360,1,1183,0
"BAIL JUMPING AND FAIL TO APPEAR FELONY - 50150004","PC","38.10(f)",1473,0,1494,0,1260,0
"BAIL JUMPING AND FAILURE TO APPEAR - 50150001","PC","38.11(a)",12,0,21,0,9,0
"BAIL JUMPING AND FAILURE TO APPEAR FELONY - 50150002","PC","38.11(f)",2,0,8,0,4,0
"BARBER SALE SUPPLIES/OTHER BUSINESS - 73990663","OC","1601.653(b)",1,0,0,0,0,0
"BARRATRY ILL OBTAIN EMPLOYMENT - 26990141","PC","38.12(f)",1,0,0,0,3,0
"BESTIALITY - 36060001","PC","21.09(b)",48,5,24,8,42,7
"BESTIALITY CHILD <18 PRESENT/SBI/DEATH OF ANIM - 36060002","PC","21.09(b)",3,0,1,2,0,0
"BIGAMY - 38040003","PC","25.01 (e)",8,0,6,0,8,0
"BIGAMY PROH/PUPORT SPOUSE IS 17 YOA - 38040004","PC","25.01(e)(1)",1,0,0,0,0,0
"BINGO REGULATIONS - 73990525","OC","2001.551",0,0,3,0,0,0
"BINGO/DOOR PRIZE OF ALCOHOL PROHIBITED - 41010003","ABC","101.74",21,0,10,0,16,0
"BOATER EDUCATION COURSE REQUIRED - 73991020","PWC","31.131",1,0,0,0,1,0
"BOATING WHILE INTOXICATED - 54040022","PC","49.06(b)",130,0,118,0,163,0
"BOATING WHILE INTOXICATED - 54990001","PC","49.06",3,0,5,0,3,0
"BOATING WHILE INTOXICATED 2ND - 54040023","PC","49.09(a)",11,0,12,0,19,0
"BOATING WHILE INTOXICATED 2ND - 54990002","PC","49.09(a)",0,0,1,0,1,0
"BOATING WHILE INTOXICATED 3RD OR MORE - 54990003","PC","49.09(b)",1,0,4,0,0,0
"BOATING WHILE INTOXICATED 3RD OR MORE IAT - 54040024","PC","49.09(b)",16,0,12,0,2,0
"BOATING WHILE INTOXICATED PASSENGER <15 YOA - 54040038","PC","49.061(b)",2,0,16,0,35,0
"BOOK RECORDS ON TOBACCO PRODUCTS - 26070016","TC","155.212",1,0,1,0,1,0
"BOOK/RECORDS ON CIGARETTE TAX - 26070122","TC","154.516",0,0,2,0,0,0
"BREACH OF COMPUTER SECURITY - 30000001","PC","33.02",0,0,1,0,0,0
"BREACH OF COMPUTER SECURITY<$500 - 57060011","PC","33.02(b)",0,0,2,0,0,0
"BRIBERY - 51000001","PC","36.02",1,0,1,0,0,1
"BRIBERY - 51990018","PC","36.02",104,1,180,0,137,0
"BRIBERY CLASS C - 51999999","X","CLASS C",2,0,1,0,2,0
"BRIBERY/CORRUPT INFLUENCE-RACING ACT - 39990024","OC","2033.014(b)",0,0,0,0,1,0
"BRIDGE/UNDERPASS CLEARANCE IAT - 54990077","TRC","621.504(c)",1,0,4,0,1,0
"BURGLARY CLASS C - 22999999","X","CLASS C",4,0,3,0,1,0
"BURGLARY HAB W/EXPLOSIVES OR DW INJ OR ATT INJ - 22000004","PC","30.02(d)",0,0,1,0,0,0
"BURGLARY HABITATION INTEND OTHER FELONY - 22990003","PC","30.02(d)",1092,37,1068,41,1073,42
"BURGLARY HABITATION INTEND SEX OFFENSE - 22990007","PC","30.02(d)",31,6,51,1,40,0
"BURGLARY OF BLDNG ENTER/CONCEAL INTND THEFT CS - 22990010","PC","30.02(c-1)(2)",22,11,21,2,34,10
"BURGLARY OF BUILDING - 22000002","PC","30.02(a)",13,2,28,1,6,0
"BURGLARY OF BUILDING - 22990001","PC","30.02(c)(1)",5415,691,4867,653,5039,625
"BURGLARY OF BUILDING CNTRLLD SUBSTANCE PRESENT - 22990009","PC","30.02(c-1)(1)",15,0,29,0,14,2
"BURGLARY OF BUILDING: SMUGGLE OF PERSONS IAT - 64110042","PC","30.02(c-2)",0,0,1,0,1,0
"BURGLARY OF COIN OPERATED COLLECTION MACHINE - 22990005","PC","30.03",138,0,122,8,195,5
"BURGLARY OF COIN OPERATED/COLLECTION MACHINE - 22000005","PC","30.03",0,0,0,1,0,0
"BURGLARY OF HABITATION - 22000001","PC","30.02(a)",20,0,18,0,10,0
"BURGLARY OF HABITATION - 22990002","PC","30.02(c)(2)",5393,291,5292,333,4950,276
"BURGLARY OF VEHICLE - 22000006","PC","30.04",27,2,20,4,5,2
"BURGLARY OF VEHICLE - 22990004","PC","30.04(a)",815,66,616,46,175,32
"BURGLARY OF VEHICLE W/2+ CONV IAT - 22990008","PC","30.04(d)(2)(A)",583,1,462,0,539,0
"BURGLARY OF VEHICLES - 22990011","PC","30.04(d)",3620,1021,3678,1068,3897,932
"BURGLARY OF VEHICLES RAIL CAR - 22990012","PC","30.04(d)(2)(B)",3,0,3,3,10,5
"BWI W/PASSENGER <15 YOA INTOX MANSLTR CONV IAT - 54040039","PC","49.09(b)(1)",0,0,1,0,0,0
"CAMPAIGN CONTRIBUTION IN CERTAIN PUB BUILDING - 51990024","EC","253.039",1,0,0,0,1,0
"CAPITAL MURDER  IN COMM OF CITED OFFENSES - 09990008","PC","19.03(a)(2)",0,0,0,1,1,0
"CAPITAL MURDER BY TERROR THREAT/OTHER FELONY - 09990022","PC","19.03(a)(2)",220,31,216,53,164,36
"CAPITAL MURDER FOR RETALIATION JUDGE/JUSTICE - 09990028","PC","19.03(a)(9)",10,0,1,0,0,0
"CAPITAL MURDER FOR RETALIATION JUDGE/JUSTICE - 09990032","PC","19.03(a)(10)",2,0,1,0,0,0
"CAPITAL MURDER INDIVIDUAL UNDER AGE SIX - 09990016","PC","19.03(a)(8)",1,0,1,0,0,0
"CAPITAL MURDER MULTIPLE - 09000009","PC","19.03(a)(7)",1,0,0,0,1,0
"CAPITAL MURDER OF A PEACE OFFICER OR FIREMAN - 09990020","PC","19.03(a)(1)",18,0,21,0,15,0
"CAPITAL MURDER OF ANOTHER PERSON IN PRISON - 09990025","PC","19.03(a)(5-6)",4,0,4,0,1,1
"CAPITAL MURDER OF MULTIPLE PERSONS - 09990026","PC","19.03(a)(7)",67,3,52,5,56,4
"CAPITAL MURDER OF PERSON =>10YOA<15YOA - 09990031","PC","19.03(a)(9)",9,1,5,1,7,1
"CAPITAL MURDER OF PERSON UNDER SIX YOA - 09990027","PC","19.03(a)(8)",3,0,3,0,0,0
"CAPITAL MURDER OF PERSON UNDER TEN YOA - 09990029","PC","19.03(a)(8)",22,2,14,1,20,0
"CAPITAL MURDER PERSON WHILE ESCAPING/ATTEMPT - 09990024","PC","19.03(a)(4)",1,0,2,1,0,0
"CAPITAL MURDER POLICE OFFICER OR FIREMAN - 09000004","PC","19.03(a)(1)",1,0,0,0,0,0
"CAPITAL MURDER POLICE OFFICER/FIREMAN - 09990007","PC","19.03(a)(1)",5,0,0,0,0,0
"CAPITAL MURDER REMUNERATION - 09000006","PC","19.03(a)(3)",0,0,0,0,1,0
"CAPITAL MURDER WHILE COMMITTING CITED OFFENSES - 09000005","PC","19.03(a)(2)",0,1,0,0,0,0
"CAPITAL MURDER WHILE REMUNERATION - 09990023","PC","19.03(a)(3)",11,0,9,0,12,0
"CARRY CONCEALED AFTER ORAL COMMUNICATION IAT - 52020007","PC","30.06(d)",0,0,1,0,2,0
"CAUSE PERMIT OR ALLOW PUB NUISANCE ENH - 53990015","HSC","343.012",0,0,1,0,0,0
"CERTAIN COMM BY TAXING UNITS - 73991109","TC","6.155(b)",0,0,0,0,3,0
"CHILD ABUSE/NEGLECT ATTEMPT TO INTER W/INV - 38010001","FC","261.302 (f)",0,0,0,0,2,0
"CHILD ABUSE/NEGLECT FAL REPORT W/INT+PREV CONV - 38010003","FC","261.107",0,0,1,0,0,0
"CHILD ABUSE/NEGLECT FALSE REPORT W/INT - 38010002","FC","261.107",6,0,11,0,11,0
"CHILD GROOMING - 36990034","PC","15.032(b)",3,0,76,0,110,0
"CHILD GROOMING PREV CONV - 36990035","PC","15.032(b)",1,0,1,0,1,0
"CHIROPRACTIC PRACTICE ACT W/O LICENSE - 55990109","OC","201.605(b)",0,0,0,0,1,0
"CIGARETTE TAX VIOLATION - 61990028","TC","154.51",1,0,5,0,3,0
"CIGARETTE TAX VIOLATION - 61990029","TC","154.517",9,0,9,0,1,0
"CIGARS AND TOBACCO PRODUCTS TAX VIOLATION - 61990025","TC","155.208",6,0,7,0,9,1
"CIGARS AND TOBACCO PRODUCTS TAX VIOLATION - 61990026","TC","155.213",31,0,13,0,12,0
"CIVIL COMMITMENT REQUIREMENT - 70990065","HSC","841.082",2,0,5,0,4,0
"CIVIL RIGHTS CLASS C - 56999999","X","CLASS C",0,0,2,0,23,0
"CIVIL RIGHTS PERSON IN CUSTODY VIOLATE/SEXUAL - 11990022","PC","39.04(b)",9,0,20,0,21,0
"CIVIL RIGHTS PERSON IN CUSTODY VIOLATE/SEXUAL - 56990002","PC","39.04(A)(2)",1,0,0,0,0,0
"CIVIL RIGHTS PERSON IN CUSTODY VIOLATE/SEXUAL - 56990011","PC","39.04(b)",5,0,0,0,0,0
"CLAIM LOTTERY PRIZE BY FRAUD <=$10K - 26990045","GC","466.308(a)",6,0,0,0,0,0
"CLAIM LOTTERY PRIZE BY FRAUD >$10K - 26990046","GC","466.308(c)(2)",2,0,0,0,0,0
"CLAIM LOTTERY PRIZE BY FRAUD >$200<=$10K - 26990044","GC","466.308(a)",1,0,0,0,0,0
"CLAIM LOTTERY PRIZE FRAUD >$10K - 26990146","GC","466.308(c)(2)",4,0,12,0,5,0
"CLAIM LOTTERY PRIZE FRAUD >$200<=$10K - 26990147","GC","466.308(c)(1)",41,0,66,0,44,0
"CLAIM LOTTERY PRIZE FRAUD AID ANOTHER - 26990148","GC","466.308(a)(2)",1,0,0,0,0,0
"CLAIM LOTTERY PRIZE FRAUD/DECEIT - 26990149","GC","466.308(a)(1)",14,0,6,0,1,0
"CLAIM LOTTERY PRIZE W/PREV CONV - 26070333","GC","466.308(c)(3)",0,0,1,0,1,0
"CLAIM OR AID CLAIM LOTTERY PRIZE FRAUD/DECEIT - 26070332","GC","466.308(c)",0,0,4,0,13,0
"CLASS C MISDEMEANOR - 99999999","X","X",66,0,26,0,15,0
"CLEAN AIR ACT FAIL TO REPORT/NOTIFY - 62050115","WC","7.180(b)",1,0,0,0,0,0
"CLEAN AIR ACT FEE NOT PAID - 73990684","WC","7.178(b)",1,0,0,0,0,0
"COCKFIGHTING: CAUSES OR EARNS - 73990177","PC","42.105(g)",26,2,73,0,30,0
"COCKFIGHTING: SPACE/OWNS/TRAINS/EQUIPS - 73990183","PC","42.105(g)",45,0,55,0,40,0
"COCKFIGHTING: SPECTATOR W/PREV CONV - 73990189","PC","42.105(g)",0,0,2,0,0,0
"COERCION - 51990020","EC","253.102",1,0,0,0,0,0
"COERCION OF PB SERV/VOTER THREAT OF FELONY - 13990027","PC","36.03(b)",1,0,0,0,0,0
"COERCION OF PB SERVANT/VOTER - 13990023","PC","36.03(a)",1,0,6,0,5,0
"COERCION OF POLICE/FIRE/POLITICAL CAMPAIGN - 13160003","LGC","180.001(a)",0,0,1,0,0,0
"COIN OPERATED MACHINE BY FRAUD LICENSE - 73990532","OC","2153.357",0,0,0,0,1,0
"COIN OPERATED MACHINES W/O LICENSE - 73990531","OC","2153.356",9,0,5,0,14,0
"COLLISION INV PED/ROAD USER IN CROSSWALK - 54990080","TRC","545.428(c)",4,0,6,0,6,0
"COLLISION INV PED/ROAD USER IN CROSSWALK SBI - 54990081","TRC","545.428(c)",11,0,12,0,11,1
"COLLISION INVOLVING DAMAGE TO VEHICLE>=$200 - 54010010","TRC","550.022(c)(2)",3927,84,4134,99,4458,92
"COLLISION INVOLVING DEATH - 54010008","TRC","550.021(c)(1)(A)",167,3,181,2,144,2
"COLLISION INVOLVING INJURY - 54010007","TRC","550.021(c)(2)",764,14,938,22,947,21
"COLLISION INVOLVING SERIOUS BODILY INJURY - 54010009","TRC","550.021(c)(1)(B)",328,11,370,12,349,10
"COMM BRIBERY - 51990017","PC","32.43(b)",25,0,5,0,1,0
"COMMERCIALIZED SEX OFFENSE CLASS C - 40999999","X","CLASS C",11,0,7,0,0,0
"COMMON NUISANCE WHERE ALCH BEV STORED - 41990016","ABC","101.7",1,0,0,0,0,0
"COMMUNICATING GAMBLING INFORMATION - 39990002","PC","47.05",1,0,0,0,2,0
"COMP SEC BREACH GOVT/INFST COMP OR 2+ PREV - 26090001","PC","33.02(b)(1)(2)",2,0,5,5,1,3
"COMPEL PROST BY FORCE/THREAT/COERCION/FRAUD - 40020021","PC","43.05(b)",35,0,22,0,23,0
"COMPELLING PROST BY FORCE/THREAT/FRAUD - 40040008","PC","43.05(b)",0,0,0,0,1,0
"COMPELLING PROSTITUTION BY FORCE/THREAT - 40040001","PC","43.05 (a)(1)",1,0,1,0,0,0
"COMPELLING PROSTITUTION DISABLED INDIVIDUAL - 40040025","PC","43.05(b)",0,0,2,0,2,0
"COMPELLING PROSTITUTION UNDER AGE 18 - 40040007","PC","43.05(b)",2,0,6,0,2,0
"COMPELLING PROSTITUTION UNDER AGE 18 - 64070001","PC","43.05(b)",8,0,27,0,12,0
"COMPELLING PROSTITUTION UNDER AGE 18 - 64070002","PC","43.05(b)",43,0,57,0,40,0
"COMPONENTS OF EXPLOSIVES - 52110003","PC","46.09",1,0,2,0,0,0
"COMPONENTS OF EXPLOSIVES - 52110009","PC","46.09(b)",6,0,3,0,5,0
"COMPUTER ASSISTED REMOTE HUNTING W/1+ CONV - 62990045","PWC","62.002",1,0,0,0,0,0
"COMPUTER SEC BREACH <$300K GOVT/INFST COMP - 26090013","PC","33.02(b-2)(6)(B)",0,0,1,0,0,0
"COMPUTER SEC BREACH IDENT INFO FROM 1 COMP - 26100002","PC","33.02(b-2)(3)(C)",0,1,0,0,1,0
"COMPUTER SEC BREACH IDENT INFO FROM 1 COMP - 26100005","PC","33.02(b-2)(6)(C)",0,0,1,0,6,0
"COMPUTER SEC BREACH IDENT INFO FROM MULT COMP - 26100006","PC","33.02(b-2)(7)(B)",1,0,1,0,0,1
"COMPUTER SECURITY BREACH - 57990060","PC","33.02(b)",4,5,9,5,10,3
"COMPUTER SECURITY BREACH >=$100<$750 - 26090008","PC","33.02(b-2)(2)",2,2,2,0,1,0
"COMPUTER SECURITY BREACH >=$300K - 26090014","PC","33.02(b-2)(7)(A)",0,0,4,0,6,0
"COMPUTER SECURITY BREACH >=$30K<$150K - 26090011","PC","33.02(b-2)(5)",1,0,0,0,2,0
"COMPUTER SECURITY BREACH >=$750<$2,500 - 26090009","PC","33.02(b-2)(3)",0,0,1,0,1,0
"COMPUTER SECURITY BREACH >=2,500<$30K - 26090010","PC","33.02(b-2)(4)",6,0,5,0,2,0
"CONFIDENTIAL OF CERTAIN RABIES VACCINE INFO - 57990019","HSC","826.0211",1,0,0,0,0,0
"CONSERVATION VIOL CLASS C - 62999999","X","CLASS C",33,0,46,0,35,0
"CONSPIRE TO CIRCUMVENT FOR SECRET DELIBERATION - 57990053","GC","551.143(b)",0,0,2,0,0,0
"CONSUME/PERMIT A/B ON LIC PREMISES PROH HOURS - 41040037","ABC","105.10(a)(2)",19,0,21,0,10,0
"CONSUMPTION OF ALCOHOL BY A MINOR 3RD-ENH IAT - 41990012","ABC","106.04",1,0,3,1,1,0
"CONSUMPTION OF ALCOHOL BY A MINOR 3RD-ENH IAT - 41990026","ABC","106.071(c)",0,0,1,1,1,0
"CONSUMPTION ON PREMISES PROH - PACKAGE STORE - 41020026","ABC","22.11",2,0,6,0,3,0
"CONSUMPTION RESTRICTED TO PREMISES - 41040022","ABC","28.1",1,0,1,0,5,0
"CONT SMUGGLE PERSONS:BECAME SX ASSLT VICT IAT - 64110009","PC","20.06(g)(1)",1,0,0,0,0,0
"CONT SMUGGLING OF PERSONS: SBI OR DEATH - 64110010","PC","20.06(g)(2)",1,0,1,0,0,0
"CONT SMUGGLING OF PERSONS: UNDER 18 YOA - 64110008","PC","20.06(f)(2)",11,0,5,0,3,0
"CONT SMUGGLING OF PERSONS:LIKELIHOOD SBI/DEATH - 64110007","PC","20.06(f)(1)",2,0,1,0,3,0
"CONTAINER OF LIQUOR <6OZ POSS/SELL/TRANS - 41040018","ABC","101.46",1,0,0,0,0,0
"CONTEMPT OF CHILD SUPPORT ORDER - 50050003","FC","11.155(d)",1,0,4,0,1,0
"CONTEMPT OF COURT:DISOBEDIENCE OF COURT ORDER - 50050014","GC","21.002",61,8,91,6,109,27
"CONTEMPT OF COURT:REFUSE TO TESTIFY - 50050004","CCP","52.06",2,0,6,0,8,0
"CONTEMPT OF LEGISLATIVE COMMITTEE - 50100001","GC","301.026(a)",0,0,0,0,1,0
"CONTINUOUS SEXUAL ABUSE 30 DAYS 2 OR MORE VIC - 11990023","PC","21.03(g)",0,0,0,0,14,1
"CONTINUOUS SMUGGLING OF PERSONS - 64110006","PC","20.06(e)",58,0,44,1,10,0
"CONTINUOUS VIOLENCE AGAINST THE FAMILY - 13990078","PC","25.11(e)",3239,202,3630,234,3744,206
"CONTRABAND CORRECTIONS FACIL EMPLOY/VOLUNTEER - 35990210","PC","38.114",14,0,13,0,20,0
"CORRUP INFLU OUTCOME HORSE/DOG RACE - 13160001","VCS","179e-14.03(i)",1,0,0,0,0,0
"COURT INTERPERTERS LIC SUSPENDED - 73990557","GC","57.027",0,0,0,0,1,0
"CREDIT CARD ABUSE - 26050001","PC","32.31",10,0,4,2,6,0
"CREDIT CARD ABUSE - 26050005","PC","32.31",21,0,13,0,25,0
"CREDIT CARD OR DEBIT CARD ABUSE - 26050014","PC","32.31",2876,195,2984,207,2948,111
"CREDIT CARD OR DEBIT CARD ABUSE ELDERLY - 26050015","PC","32.31(d)",474,9,541,19,524,15
"CREDIT CARD TRANS LAUNDERING >=$150K<$300K - 26050020","PC","32.35(e)(6)",0,0,0,0,1,0
"CREDIT CARD TRANS LAUNDERING >=$2,500<$30K - 26050018","PC","32.35(e)(4)",1,0,1,0,0,0
"CREDIT CARD TRANS LAUNDERING >=$300K - 26050021","PC","32.35(e)(7)",1,0,0,0,0,0
"CREDIT CARD TRANS LAUNDERING >=$750<$2,500 - 26050017","PC","32.35(e)(3)",1,0,1,0,0,0
"CRIM MISCH $200<$750 - 29000014","PC","28.03(b)(3)",0,1,4,1,5,0
"CRIM MISCH $750<$20K - 29000015","PC","28.03(b)(4)(A)",1,0,1,0,1,0
"CRIM MISCH >= $20<$200 - 29000013","PC","28.03(b)(2)",7,2,3,0,1,1
"CRIM MISCH >=$1K<$300K HABIT W/CRIM TRSPSS IAT - 29990071","PC","28.03(b)(6)(B)",0,0,0,0,1,0
"CRIM MISCH CHURCH/CEMETERY/ PB BLDG <$20K - 29990008","PC","28.03(f)",1,0,0,0,0,0
"CRIM MISCH DMG/DSTRY COP/BRSS INFRA/EQUIP/WIRE - 29030019","PC","28.03(l)",0,0,0,0,5,0
"CRIM MISCH IMPAIR INTERUPT PUBLIC SERVICE - 29000016","PC","28.03(b)(4)(B)",1,0,1,0,0,0
"CRIM MISCH<$1,500-IMPAIR/INTERUPT PB SERVICE - 29990003","PC","28.03(a)",3,1,1,0,0,0
"CRIM MISCH>$200K - 29990007","PC","28.03(a)",0,0,1,0,0,0
"CRIM MISCH>=$1,500<$20K - 29990004","PC","28.03(a)",27,12,21,7,7,2
"CRIM MISCH>=$100K<$200K - 29990006","PC","28.03(a)",1,0,0,0,0,0
"CRIM MISCH>=$20<$500 - 29990001","PC","28.03(a)",4,0,3,1,2,2
"CRIM MISCH>=$20K<$100K - 29990005","PC","28.03(a)",3,0,0,0,0,0
"CRIM MISCH>=$500<$1,500 - 29990002","PC","28.03(a)",21,6,7,3,6,1
"CRIM MISCHF IMP/INT PUBLIC POWER SUPPLY <$150K - 29030015","PC","28.03(b)(5)(D)",2,0,12,0,20,0
"CRIM MISCHIEF FIREARM/WEAPON DEATH LIVESTOCK - 29990066","PC","28.03(b)(5)(B)",2,0,3,0,1,0
"CRIM MISCHIEF IMPAIR/DISRUPT MOTOR FUEL PUMP - 29990069","PC","28.03(b)(5)(D)",0,0,1,0,0,0
"CRIM MISCHIEF TRANS/COMM EQUIP/DEV <$150,000 - 29990050","PC","28.03(j)",2,0,2,1,3,0
"CRIM MISCHIEF VEH DAMGE CATALYTIC CNVRTR <$30K - 29990068","PC","28.03(b)(4)(E)",9,0,0,0,4,0
"CRIM NEGLIGENT HOMICIDE - 09990018","PC","19.05",75,5,95,3,91,0
"CRIM NONSUPPORT - 38060011","PC","25.05(a)",58,0,21,0,15,0
"CRIM TRES W/ WEAPON-FAIL TO DEPART IAT - 57070024","PC","30.05(d-3)",8,0,6,1,3,0
"CRIM TRESPASS HABIT/SHLTR/SUPRFUND/INFSTRT - 57070019","PC","30.05(d)(3)(A)",2981,134,3519,103,3703,157
"CRIMES AGAINST PERSON CLASS C - 70999999","X","CLASS C",29,0,41,0,21,0
"CRIMINAL MISCHIEF $1500 < $20K DESTROY SCHOOL - 29990021","PC","28.03(h)",1,0,1,0,0,0
"CRIMINAL MISCHIEF <$1500 DAMAGE HABIT/ANIMAL - 29990020","PC","28.03(4)(b,c)",5,0,0,0,0,0
"CRIMINAL MISCHIEF <$1500 IMPAIR PUB COMM/SUPPL - 29990019","PC","28.03(3)(b)",5,0,5,0,3,0
"CRIMINAL MISCHIEF <$2,500 HABITATION W/FA/EXPL - 29060001","PC","28.03(b)(4)(B)",8,2,14,0,7,0
"CRIMINAL MISCHIEF <$2,500 LS/GAME ANIM FENCE - 29990045","PC","28.03(b)(4)(C)",36,1,89,0,20,2
"CRIMINAL MISCHIEF >=$1,500<$20K - 29990038","PC","28.03(b)(4)(A)",4,0,2,0,0,0
"CRIMINAL MISCHIEF >=$100<$750 - 29990042","PC","28.03(b)(2)",5994,788,6188,772,6036,811
"CRIMINAL MISCHIEF >=$100K<$200K - 29990040","PC","28.03(b)(6)",0,0,1,0,0,0
"CRIMINAL MISCHIEF >=$150K<$300K - 29990047","PC","28.03(b)(6)",6,10,12,4,11,2
"CRIMINAL MISCHIEF >=$150K<$300K - 29990070","PC","28.03(b)(6)(A)",0,0,0,0,0,3
"CRIMINAL MISCHIEF >=$2,500<$30K - 29990044","PC","28.03(b)(4)(A)",2447,269,2537,256,2590,319
"CRIMINAL MISCHIEF >=$20K<$100K - 29990039","PC","28.03(b)(5)",0,1,0,0,0,1
"CRIMINAL MISCHIEF >=$300K - 29990048","PC","28.03(b)(7)",10,3,14,3,15,3
"CRIMINAL MISCHIEF >=$30K<$150K - 29990046","PC","28.03(b)(5)",51,1,52,4,18,2
"CRIMINAL MISCHIEF >=$30K<$150K - 29990065","PC","28.03(b)(5)(A)",62,17,77,19,102,13
"CRIMINAL MISCHIEF >=$500<$1,500 - 29990037","PC","28.03(b)(3)(A)",6,1,4,0,4,0
"CRIMINAL MISCHIEF >=$750<$2,500 - 29990043","PC","28.03(b)(3)(A)",3796,398,4022,413,3843,378
"CRIMINAL MISCHIEF >=$750<$30K DESTROY SCHOOL - 29990049","PC","28.03(h)",12,18,15,19,15,24
"CRIMINAL MISCHIEF CAUSES IMPAIR/INTERUPT ATM - 29990067","PC","28.03(b)(5)(C)",18,0,13,0,27,0
"CRIMINAL MISCHIEF DAMAGE/DESTR WORSHIP/SCHOOL - 29990022","PC","28.03(f)",23,21,36,22,23,22
"CRIMINAL MISCHIEF IMP/INT PUB SERVICE <$20,000 - 29990028","PC","28.03(b)(4)(D)",1,0,2,0,0,0
"CRIMINAL MISCHIEF IMP/INT PUB SERVICE <$30,000 - 29030012","PC","28.03(b)(4)(D)",88,5,65,3,75,3
"CRIMINAL MISCHIEF IMPAIR/INTERRUPT PUB SERVICE - 29990027","PC","28.03(b)(3)(B)",79,1,84,3,64,0
"CRIMINAL MISCHIEF>$50<$500 - 29990016","PC","28.03(b)(2)",280,56,166,29,14,0
"CRIMINAL NEGLIGENT HOMICIDE - 09090002","PC","19.05",1,0,5,0,1,0
"CRIMINAL NEGLIGENT HOMICIDE - 29000027","PC","19.07",2,0,0,0,0,0
"CRIMINAL NONSUPPORT - 38060006","PC","25.05(a)",2,0,1,0,0,0
"CRIMINAL NONSUPPORT - 38080001","PC","25.05(f)",14,0,62,0,72,0
"CRIMINAL NONSUPPORT PREV CONV OR OTHER STATE - 38060005","PC","25.05(g)",0,0,1,0,0,0
"CRIMINAL SIMULATION - 25890004","PC","32.22",9,0,2,0,0,0
"CRIMINAL SIMULATION - 26990272","PC","32.22(b)",9,0,4,1,3,0
"CRIMINAL SOLICITATION OF A MINOR - 36990021","PC","15.031",3,0,2,0,4,0
"CRIMINAL TRESPASS - 57070010","PC","30.05(a)",3257,50,2098,50,591,16
"CRIMINAL TRESPASS - 57070020","PC","30.05(d)(1)",28183,1089,30019,1108,30751,958
"CRIMINAL TRESPASS - HABITATION/SHELTER CENTER - 57070011","PC","30.05(a)",20,0,22,0,15,0
"CRIMINAL TRESPASS HABIT/SUPERFUND/INFRASTRUCT - 57070016","PC","30.05(a)(1)(2)",186,0,51,0,27,1
"CRIMINAL TRESPASS INHABITATION/SUPER FUND SITE - 57070015","PC","30.05(d)",231,7,84,5,3,0
"CRIMINAL TRESPASS INST HIGH EDU PREV CONV IAT - 57070021","PC","30.05(d)(3)(B)",33,2,38,1,53,3
"CRIMINAL TRESPASS TREATMENT CENTER - 57070023","PC","30.05(d)(3)(D)",18,1,32,0,34,1
"CRIMINAL TRESPASS W/DEADLY WEAPON - 57070012","PC","30.05(a)",1,0,2,0,2,0
"CRIMINAL TRESPASS W/DEADLY WEAPON - 57070017","PC","30.05(d)",9,0,8,0,1,0
"CRIMINAL TRESPASS W/DEADLY WEAPON - 57070018","PC","30.05(d)(3)(B)",5,0,3,0,2,0
"CRIMINAL TRESPASS W/DEADLY WEAPON - 57070022","PC","30.05(d)(3)(C)",181,4,169,4,179,2
"CRIMINALLY NEGLIGENT HOMICIDE - 09000012","PC","19.07",3,0,2,0,0,0
"CRLTY NON-LVSTK:FL PRV/ABDN/TRNSPT/BI/OWK 2 CV - 73990644","PC","42.092(c)",21,0,23,0,22,1
"CRUELTY NON-LIVESTK ANIM:FIGHT/LURE - 72010003","PC","42.092(c-2)",22,2,13,0,21,0
"CRUELTY NON-LIVESTK ANIM:FIGHT/LURE PREV CONV - 72010004","PC","42.092(c-2)",9,0,2,0,7,0
"CRUELTY NON-LIVESTK ANIM:KILL/POISON/SBI - 72010001","PC","42.092(c-1)",363,8,399,10,583,12
"CRUELTY NON-LIVESTK ANIM:TORTURE W/2 PREV CONV - 73990646","PC","42.092(c)",5,0,4,0,0,0
"CRUELTY NON-LVSTK ANIM:KILL/PSON/SBI PREV CONV - 72010002","PC","42.092(c-1)",7,0,1,1,5,0
"CRUELTY NON-LVSTK:FAIL PRV/ABDN/TRNSPT/BI/OVWK - 73990643","PC","42.092(c)",725,11,1192,3,1128,4
"CRUELTY TO ANIMALS (PARAGRAPHS 2,3,4,9,10) - 73990594","PC","42.09(a)",1,0,1,0,0,0
"CRUELTY TO ANIMALS - 73990046","PC","42.11",1,0,1,0,2,0
"CRUELTY TO ANIMALS - 73990370","PC","42.09",3,0,2,0,0,0
"CRUELTY TO LIVESTOCK ANIM N/O W/2 PREV CONV - 72990040","PC","42.09(c)",0,0,2,0,2,0
"CRUELTY TO LIVESTOCK ANIM NEGLECT/OVERWORK - 72990039","PC","42.09(c)",105,1,162,0,154,0
"CRUELTY TO LIVESTOCK ANIM PA W/2 PREV CONV - 72990046","PC","42.09(c)",1,0,0,6,0,0
"CRUELTY TO LIVESTOCK ANIM W/2 PREV CONV - 73991066","PC","42.09(a)(1,5,6,7,8)",1,0,2,0,0,0
"CRUELTY TO LIVESTOCK ANIMALS - 73991064","PC","42.09(a)(1,5,6,7,8)",5,0,11,0,3,0
"CRUELTY TO LIVESTOCK ANIMALS - 73991065","PC","42.09(a)(2,3,4,9,10)",45,0,5,0,1,0
"CRUELTY TO LIVESTOCK ANIMALS PHYSICAL ABUSE - 72990045","PC","42.09(c)",21,0,23,3,56,3
"CRUELTY TO NON-LIVESTOCK ANIMALS: TORTURE - 73990645","PC","42.092(c)",13,1,6,0,13,0
"CURRENCY EXCHANGE VIOLATION - 23110002","FNC","153.401",3,0,7,0,12,0
"DAMAGE MARKERS W/PREV CONVIC - 29030006","PWC","12.017(b)",1,0,0,0,0,0
"DAMAGE PROPERTY CLASS C - 29999999","X","CLASS C",37,0,41,0,39,0
"DAMAGE/DESTROY CRITICAL INFRASTRUCTURE - 53990027","GC","424.051(b)",10,0,5,0,1,0
"DAMAGES FOR UNAUTHORIZED HARVESTING - 73990547","NRC","151.101",0,0,0,0,1,0
"DAMGE/DESTR/VANDLZE/IMP CRIT INFRASTRCT >$100K - 29030017","PC","28.09(c)(1)",0,0,0,0,2,1
"DANGEROUS DOGS VIOLATION PREV CONV IAT - 73990706","HSC","822.045(c)",1,0,1,0,1,0
"DANGEROUS DRUGS CLASS C - 35999999","X","CLASS C",100,0,110,0,127,0
"DANGEROUS DRUGS-(FREE TEXT) - 35990000","X","X",1,0,0,0,0,0
"DEADLY ASSLT W/ SBI PEACE OFFICER/CITED EMPL - 13100001","PC","22.03(a)(1)",1,0,1,0,0,0
"DEADLY COND DISCH FIREARM HAB/BUILD/VEH - 52130006","PC","22.05(b)(2)",132,12,13,5,8,1
"DEADLY CONDUCT - 53990001","PC","22.05(a)",1569,133,1535,143,1500,99
"DEADLY CONDUCT DISCH FIREARM INDIV(S) - 52130005","PC","22.05(b)(1)",600,19,299,12,116,5
"DEADLY CONDUCT DISCHARGE FIREARM - 52130008","PC","22.05(b)",1020,124,1439,174,1498,130
"DEADLY WEAPON IN PENAL INST IAT WFZ 46.10 - 52030034","PC","46.11(a)",0,0,1,0,1,1
"DEADLY WEAPON IN PENAL INSTITUTION - 52000001","PC","46.11",0,0,0,0,1,0
"DEADLY WEAPON IN PENAL INSTITUTION - 52030013","PC","46.1",8,0,3,0,3,0
"DEADLY WEAPON IN PENAL INSTITUTION - 52030030","PC","46.10(d)",78,5,83,2,79,3
"DEBIT CARD ABUSE - 26050004","PC","32.5",0,0,1,0,0,1
"DEBIT CARD ABUSE - 26050006","PC","32.31",0,1,0,2,1,0
"DECEPT BUSIN PRACT W/PREV CONV/INTEN/KNOW/RECK - 26990197","PC","32.42(c)(2)",71,0,92,0,93,0
"DECEPTIVE BUSINESS PRACTICE - 26990198","PC","32.42(d)",58,0,31,0,44,1
"DECEPTIVE TRADE PRACTICE - 26990048","PC","32.42(b)(7-12)",7,0,5,0,0,0
"DECEPTIVE TRADE PRACTICES REPORTS/EXAMINATION - 70990133","BCC","17.6",2,0,0,0,0,0
"DECEPTIVE TRADE RPTS/EXAM/INVES DEMAND - 73990760","BCC","17.62(a)",0,0,0,0,1,0
"DEL CS OR MARIJ TO CHILD - 35990292","HSC","481.122(c)",5,0,3,1,0,0
"DEL CS TO MINOR - 35990033","HSC","481.122(a)",1,1,0,0,0,0
"DEL CS/MARIJ TO MINOR - 35990169","HSC","481.122",30,0,5,5,4,0
"DEL CS/MARIJ TO MINOR - 35990273","HSC","481.122(c)",7,2,19,3,49,10
"DEL CS/MARIJ TO MINOR USE CHILD 481.122 - 35990265","HSC","481.140(a)",27,2,2,0,2,0
"DEL CS/MARIJ TO MINOR USE CHILD 481.122 - 35990274","HSC","481.140(a)",3,1,3,0,5,0
"DEL CS/MARIJ TO MINOR W/USE OF CHILD - 35990177","HSC","481.14",1,0,3,0,0,0
"DEL DRUG PARAPHERNALIA - 35500015","HSC","481.125(b)",105,8,55,0,19,0
"DEL DRUG PARAPHERNALIA - 35500022","HSC","481.125(e)",0,0,33,0,48,0
"DEL DRUG PARAPHERNALIA W/PREV CONV - 35500023","HSC","481.125(e)",0,0,1,0,3,0
"DEL MARIJ <= 1/4 OZ - 35640010","HSC","481.120(b)(1)",36,2,26,1,29,1
"DEL MARIJ <= 1/4 OZ DRUG FREE ZONE - 35640019","HSC","481.120(b)(1)",0,0,1,0,0,0
"DEL MARIJ <= 1/4 OZ REMUN DRUG FREE ZONE - 35640018","HSC","481.120(b)(2)",1,0,1,0,0,0
"DEL MARIJ <= 1/4 OZ REMUNERATION - 35640011","HSC","481.120(b)(2)",39,1,31,1,25,3
"DEL MARIJ <= 5 LBS > 1/4 OZ DRUG FREE ZONE - 35640017","HSC","481.120(b)(3)",3,0,0,0,1,0
"DEL MARIJ <= 50LBS > 5LBS - 35640013","HSC","481.120(b)(4)",38,1,28,0,57,0
"DEL MARIJ <= 5LBS > 1/4 OZ - 35640012","HSC","481.120(b)(3)",486,4,446,7,445,3
"DEL MARIJ <=2,000LBS > 50LBS - 35640014","HSC","481.120(b)(5)",25,0,21,0,17,0
"DEL MARIJ >5LBS DRUG FREE ZONE - 35640020","HSC","481.134(c)",1,0,0,0,0,0
"DEL MARIJ >5LBS<=50LBS USE CHILD 481.120 - 35990270","HSC","481.140(a)",1,0,0,0,1,0
"DEL MARIJUANA <= 4 OZ BUT > 1/4 OZ - 35640004","HSC","481.120(b)(3)",1,0,1,0,0,0
"DEL MARJ 1/4OZ<5LB DFZ IAT 481.120 - 35640021","HSC","481.134(d)",21,3,41,2,21,1
"DEL MARJ 1/4OZ<5LB USE CHILD 481.120 - 35990264","HSC","481.140(a)",1,0,0,0,0,0
"DEL MARJ <1/4OZ DFZ IAT 481.120 - 35640023","HSC","481.134(f)",7,1,4,0,6,1
"DEL MARJ <1/4OZ REMUNERATION DFZ IAT 481.120 - 35640022","HSC","481.134(e)",18,1,12,2,2,0
"DEL TO MINOR VOLATILE CHEM - 35990179","HSC","485.032(d)",0,0,0,0,1,0
"DEL W/INT SELL OF COUNTERFEIT INSTRUMENT - 25990008","TRC","521.456",0,0,1,0,0,1
"DEL/OFFER  DEL OF DANGEROUS DRUG - 35990078","HSC","483.042(a)",41,6,32,5,43,6
"DEL/POSS W/INT/DEL/MAN SUB/DVICE FAL DRUG TST - 35000067","HSC","481.133(b)",1,0,1,0,0,0
"DENTAL INJUNCTION VIOLATION - 73990673","OC","264.151(d)",0,0,0,0,1,0
"DENTISTRY ACT VIOLATION - 73990669","OC","264.151(a)",10,0,7,0,12,0
"DESTROY/INTERFERE/SABOTAGE UTILITY FACIL/EQUIP - 29990026","VCS","1446a(5)",1,0,5,0,0,0
"DESTRUCTION OF U.S./TEXAS FLAG - 53100001","PC","42.11",0,1,1,0,1,0
"DESTRUCTION OF WATER WORKS - 29990018","WC","11.088",1,0,0,0,0,0
"DIRECT ACTIVITIES OF STREET GANG - 73991073","PC","71.023",4,0,1,0,0,0
"DIRECT ACTIVITIES STRT GANG/FOREIGN TERROR ORG - 73990741","PC","71.023(b)",2,0,3,0,1,0
"DISABLING FIRE EXIT ALARMS - 29990064","HSC","793.002(b)",0,0,0,2,0,0
"DISCHARGE FIREARM IN CERTAIN MUNICIPALITIES - 52130007","PC","42.12(b)",1095,66,1089,76,1127,85
"DISCHARGE FIREARM IN/ON LAKE LAVON/COLLIN CO - 52130002","PWC","143.023(a)",3,1,2,0,0,1
"DISOBEY WARNING SIGNS/BARRICADES OVER ROADS - 54990061","TRC","472.022(a)",7,1,13,0,12,0
"DISORDERLY CONDUCT +3 PRIORS - 53110002","PC","42.01",22,0,19,0,7,0
"DISORDERLY CONDUCT DISCH OR DISPLAY FIREARM - 53110001","PC","42.01(a)(9)(a)(10",7,0,13,0,2,1
"DISORDERLY CONDUCT DISCHARGE/DISPLAY FIREARM - 53110003","PC","42.01(a)(7)(8)",189,4,80,4,23,0
"DISORDERLY CONDUCT DISCHARGE/DISPLAY FIREARM - 53110006","PC","42.01(d)",450,21,668,35,782,29
"DISORDERLY CONDUCT W/3 PRIOR CONVICTIONS 42.01 - 53110007","PC","12.43(c)",2,0,7,0,11,0
"DISORDERLY CONDUCT-(SPECIFY CONDUCT) - 53110000","X","X",0,0,1,0,0,0
"DISP/FALSE INFO/STMT TO MET RECY CAT CONV - 26070313","OC","1956.040(a)",0,0,1,0,0,0
"DISPENSE DANGEROUS DRUG-CONTROLLED SUBSTANCE - 35990198","HSC","142.03",1,0,0,0,1,0
"DISPLAY FICTITIOUS LICENSE PLATE - 26990177","TRC","504.945(e)",683,1,778,0,843,1
"DISPLAY FICTITIOUS MOTOR VEHICLE REGISTRATION - 26990178","TRC","502.475(d)",258,0,297,0,242,0
"DISPO/PROV FALSE INFO/STMT TO METAL RECYCLER - 26070227","OC","1956.040(a)",5,0,2,0,17,0
"DISPOSE SEC PROP W/INTENT APPROP >=$2,500<$30K - 26990204","PC","32.33(e)(4)",0,0,0,0,2,0
"DISPOSE SKIMMER KNOW INVESTIG/CRIM PROCEEDING - 48040004","BCC","607A.102(c)",0,0,0,0,1,0
"DISPOSE SKIMMER ONGOING INVESTIGATION - 48020007","BCC","607.103(c)",0,0,0,0,1,0
"DISRUPTING MEETING OR PROCESSION - 53000001","PC","42.05",1,0,0,0,0,0
"DISRUPTING MEETING OR PROCESSION - 53110008","PC","42.05(b)",0,0,0,0,3,0
"DISRUPTING MEETING OR PROCESSION - 53990002","PC","42.05",9,8,23,0,7,3
"DISRUPTIVE ACTIVITIES PRIVATE/PUBLIC SCHOOL - 73990403","EDC","37.123",2,4,5,14,7,12
"DIST OF CONFIDENTIAL INFORMATION - 73990549","GC","552.352",0,0,2,0,0,0
"DIST/WHOLE/RETAIL REC/POSS/SELL CIG W/O PERMIT - 73990402","TC","154.509",0,0,0,0,1,0
"DISTRIBUTE LICENSE PLATE FLIPPER CRIM NEG - 26990190","TRC","504.946(c)",1,0,1,0,0,0
"DISTRIBUTE LICENSE PLATE FLIPPER CRIM NEG - 26990254","TRC","504.9465(c)",1,0,0,0,0,0
"DIVERSION OF CS PROPERTY OR PLANT - 35990070","HSC","481.131(a)",0,0,1,0,0,1
"DIVERT CS FOR ANOTHER PERSONS USE - 35990220","HSC","481.1285(c)",4,0,2,0,0,0
"DIVERT CS FOR PERSONAL USE - 35990219","HSC","481.1285(c)",24,0,22,0,5,0
"DOG FIGHT: OWNS/TRAIN DOG IN FIGHT/A SPECTATOR - 72990038","PC","42.10(e)",0,0,0,0,58,0
"DOG FIGHT: PARTICIP IN EARNINGS/ PROVIDE BLDG - 72990036","PC","42.10(e)",5,0,0,0,1,0
"DOG FIGHT: PARTICIP IN EARNINGS/ PROVIDE BLDG - 73991060","PC","42.10(a)(1)(2)(3)",0,0,2,0,0,0
"DOG FIGHTING OWNS DOG OR CAUSES FIGHT - 73990071","PC","42.111(a)(1&5)",0,0,0,0,1,0
"DRIVER LICENSE/ID FALSE - 26070125","TRC","521.451",9,2,3,0,3,0
"DRIVER LICENSE/ID FALSE - 26070223","TRC","521.451",375,0,361,0,364,1
"DRIVER/TRAFFIC EDUCATION VIOLATION - 73990725","EDC","1001.554(b)",2,0,1,0,1,0
"DRIVING COMM VEHICLE DISQUALIFIED PROH - 54990064","TRC","522.071",1,0,1,0,1,0
"DRIVING UNDER INFLUENCE ALCOHOL MINOR 3RD-ENH - 54040013","ABC","106.041",34,0,34,1,30,0
"DRIVING UNDER THE INFLUENCE MINOR(UNDER 21)(#) - 54902114","X","X",0,0,0,0,1,0
"DRIVING W/INTOX W/CHILD <15 YOA 3RD OR MO - 54040018","PC","49.09(b)",2,0,0,0,1,0
"DRIVING W/LIC INV W/PREV CONV/SUSP/W/O FIN RES - 54990067","TRC","521.457(f)(f-1)",7957,1,10670,0,15301,1
"DRIVING W/VEH REGISTRATION SUSPENDED - 54990059","TRC","601.371(d)",0,0,0,0,1,0
"DRIVING W/VIOL FIN RESP ACCIDENT SBI/DEATH IAT - 54990068","TRC","521.457(f-2)",15,0,17,0,27,1
"DRIVING WHILE DISQUALIFIED - 54990016","TRC","522.071",2,0,1,0,1,0
"DRIVING WHILE DISQUALIFIED/COMM VEH W/PREV CON - 54990017","TRC","522.071",0,0,1,0,2,0
"DRIVING WHILE INTOX W/CHILD <15 YOA 2ND - 54040019","PC","49.09(a)",0,0,1,0,0,0
"DRIVING WHILE INTOXICATED - 54040009","PC","49.04",46084,40,47339,40,50134,44
"DRIVING WHILE INTOXICATED 1ST - 54040001","VCS","6701l-1(c)",57,1,38,0,45,1
"DRIVING WHILE INTOXICATED 2ND - 54040003","VCS","6701l-1(d)",22,0,13,0,17,0
"DRIVING WHILE INTOXICATED 2ND - 54040010","PC","49.09(a)",10098,0,9971,0,10443,0
"DRIVING WHILE INTOXICATED 2ND W/ SBI - 54040004","VCS","6701l-1(d)",2,0,0,0,1,0
"DRIVING WHILE INTOXICATED 3RD OR MORE - 54040005","VCS","6701l-1(e)",19,0,10,0,24,0
"DRIVING WHILE INTOXICATED 3RD OR MORE IAT - 54040011","PC","49.09(b)",6849,0,6729,0,6793,0
"DRIVING WHILE INTOXICATED 3RD OR MORE/SBI - 54040006","VCS","6701l-1(e)",1,0,1,0,1,0
"DRIVING WHILE INTOXICATED BAC >= 0.15 - 54040014","PC","49.04(d)",11382,7,11668,1,11546,6
"DRIVING WHILE INTOXICATED W/CHILD UNDER 15 YOA - 54040028","PC","49.045(b)",2217,2,2413,2,2400,0
"DRIVING WHILE INTOXICATED W/CHILD UNDER 15Y0A - 54990050","PC","49.045",79,0,49,0,25,0
"DRIVING WHILE INTOXICATED/OPEN ALCH CONT 2ND - 54040016","PC","49.09(a)",12,0,13,0,9,0
"DRIVING WHILE INTOXICATED/OPEN ALCH CONTAINER - 54040012","PC","49.04(c)",6621,3,7141,1,8116,5
"DRIVING WHILE INTOXICATED/OPEN CONT 3RD/MORE - 54040017","PC","49.09(b)",9,0,6,0,7,0
"DRIVING WHILE LIC INVALID - 54990012","TRC","521.457",43,0,50,0,24,0
"DRIVING WHILE LIC INVALID ENH - 54990013","TRC","521.457(f)",35,0,20,0,14,0
"DRIVING WHILE LIC INVALID W/PREV CONV OR SUSP - 54990066","TRC","527.457(f)(f-1)",265,0,363,0,355,0
"DRIVING WHILE LIC SUSPENDED - 54050008","TRC","601.371(d)",12,0,6,0,0,0
"DRIVING WHILE LIC SUSPENDED ENH - 54050009","TRC","601.371(e)",2,0,3,0,5,0
"DRIVING WHILE LIC SUSPENDED/SR ENH - 54990030","TRC","601.371(e)",1,0,0,0,0,0
"DRIVING WHILE LICENSE INVALID - 54990055","TRC","521.457",39,0,60,0,64,0
"DRIVING WHILE LICENSE INVALID W/PREV CONV - 54990056","TRC","521.457",47,0,42,0,40,0
"DRIVING WHILE LICENSE SUSPENDED - 54050001","VCS","6687B-(34)(A)",3,0,0,0,1,0
"DRIVING WHILE LICENSE SUSPENDED ENH - 54050002","VCS","6687B-(34)(A)",1,0,0,0,1,0
"DRV DISQ/COMM VIOL FIN RESP ACCDNT SBI/DTH IAT - 54990073","TRC","522.071(d)",2,0,1,0,2,0
"DRVNG DISQ/COMM W/PRV CNV/SUSP/W/O FIN RES IAT - 54990072","TRC","522.071(d)",18,0,20,0,43,0
"DUTY ON STRIKING FIXTURE/HWY LANDSCAPE>=$200 - 54990008","TRC","550.025(b)(2)",1182,39,1289,38,1514,16
"DUTY ON STRIKING UNATTENDED VEHICLE - 54990007","TRC","550.024(b)(2)",892,29,1006,38,1274,34
"DWI W/CHILD UNDER 15 YOA 3RD OR MORE IAT - 54040037","PC","49.09(b)",31,0,34,0,31,0
"DWI W/CHILD UNDER 15 YOA W/PREV INTOX MAN IAT - 54040036","PC","49.09(b)",4,0,1,0,4,0
"DWI W/PREV INTOXICATION MANSLAGHT CONV IAT - 54040020","PC","49.09(b)",10,0,8,0,9,0
"ELECTION FRAUD - 59990088","EC","276.013(b)",0,0,3,0,5,0
"ELECTION FRAUD EHN IAT - 59990089","EC","276.013(c)",0,0,1,0,1,0
"ELECTION LAW VIOL CLASS C - 59999999","X","CLASS C",15,0,30,0,20,0
"ELECTR DATA TAMPER FRAUD/HARM >=$2500<$30K IAT - 26080003","PC","33.023(d-1)(4)",2,0,0,0,0,0
"ELECTR DATA TAMPER FRAUD/HARM >=$750<$2500 IAT - 26080002","PC","33.023(d-1)(3)",0,0,0,0,1,0
"ELECTR DATA TAMPR RESTR ACCSS >=$30K<$150K IAT - 21990004","PC","33.023(d-2)(3)(A)",0,0,0,0,0,1
"ELECTRONIC ACCESS INTERFERENCE - 73990703","PC","33.022(b)",5,0,4,1,4,0
"ELECTRONICALLY READABLE INFO ON DRIVERS LICENS - 70990138","TRC","521.126",0,0,0,1,0,0
"EMBEZZLEMENT CLASS C - 27999999","X","CLASS C",2,0,2,0,0,0
"EMERGENCY MEDICAL TECHNICIAN IMPERSONATE - 26040022","HSC","773.064(a)",0,0,1,0,0,0
"EMERGENCY MEDICAL VEH/REPRESENT EMS PERSON - 24110002","HSC","773.064(c)",1,0,0,0,0,1
"EMIT AIR CONTAMINANT DANGER OF SBI/DEATH - 62050021","HSC","382.091(a)(6)",0,0,1,0,0,0
"EMPLOY DEVICE/SCHEME DEFRAUD SECURITIES <$10K - 26000138","VCS","581-29(C)(2)",0,0,0,0,1,0
"EMPLOY HARMFUL TO CHILDREN - 40990002","PC","43.251(c)",1,0,0,0,2,0
"EMPLOY HARMFUL TO CHILDREN < 14 YOA - 40990003","PC","43.251(c)",3,0,0,0,1,0
"EMPLOYER RESP RE: COMM MOTOR VEH DRIVER - 54990065","TRC","522.072",1,0,1,0,2,0
"ENFORCE COMMITMENT TO TREATMENT FACILITY - 25890016","HSC","462.008",0,0,0,0,1,0
"ENFORCE MUNICIPAL AND COUNTY REGULATION - 40990001","LGC","243.01",17,0,8,0,4,0
"ENGAGE ACTIVITY W/O REQUIRED CERTIF OR LICENSE - 73990589","OC","1103.5545",1,0,2,0,5,0
"ENGAGE IN ORGANIZED ELECTION FRAUD - 59990101","EC","276.012(b)",0,0,0,0,0,1
"ENGAGE IN ORGANIZED ELECTION FRAUD - 59990102","EC","276.012(b)",1,0,0,0,0,0
"ENGAGE ORG CRIM ACTVTY USE/EXHBT DEADLY WEAPON - 73990731","PC","71.02(e)",0,1,3,1,9,1
"ENGAGE ORG CRIM ACTVTY USE/EXHBT DEADLY WEAPON - 73990732","PC","71.02(e)",8,2,8,0,1,0
"ENGAGE ORG CRIM ACTVTY USE/EXHBT DEADLY WEAPON - 73990733","PC","71.02(e)",10,0,11,2,2,3
"ENGAGE ORG CRIM ACTVTY USE/EXHBT DEADLY WEAPON - 73990734","PC","71.02(e)",32,0,22,3,4,3
"ENGAGE ORG CRIM ACTVTY USE/EXHBT DEADLY WEAPON - 73990735","PC","71.02(e)",10,2,8,4,27,5
"ENGAGE ORG CRIM ACTVTY USE/EXHBT DEADLY WEAPON - 73990736","PC","71.02(e)",23,19,53,2,76,21
"ENGAGING IN ORGANIZED CRIMINAL ACTIVITY - 73990711","PC","71.02(b)",982,369,1000,304,1106,401
"ENGAGING IN ORGANIZED CRIMINAL ACTIVITY - 73990712","PC","71.02(b)",69,25,93,21,93,43
"ENGAGING IN ORGANIZED CRIMINAL ACTIVITY - 73990713","PC","71.02(b)",299,100,410,101,344,106
"ENGAGING IN ORGANIZED CRIMINAL ACTIVITY - 73990714","PC","71.02(b)",804,188,832,168,866,168
"ENGAGING IN ORGANIZED CRIMINAL ACTIVITY - 73990715","PC","71.02(b)",355,52,522,36,550,72
"ENGAGING IN ORGANIZED CRIMINAL ACTIVITY - 73990716","PC","71.02(b)",847,91,1067,128,1063,101
"ENGAGING IN ORGANIZED CRIMINAL ACTIVITY - 73991000","PC","71.02",269,17,161,17,57,8
"ENGAGING IN ORGANIZED CRIMINAL ACTIVITY - 73991001","PC","71.02(a)",52,0,29,0,6,0
"ENGAGING IN ORGANIZED CRIMINAL ACTIVITY - 73991002","PC","71.02(a)",57,12,54,0,11,1
"ENGAGING IN ORGANIZED CRIMINAL ACTIVITY - 73991003","PC","71.02(a)",177,5,130,6,32,3
"ENGAGING IN ORGANIZED CRIMINAL ACTIVITY - 73991004","PC","71.02(a)",103,3,53,0,13,2
"ENGAGING IN ORGANIZED CRIMINAL ACTIVITY - 73991005","PC","71.02(a)",217,1,151,6,72,1
"ENTER AMERICAN INDIAN CAMPSITE W/O CONSENT - 57070002","NRC","191.133",1,0,0,0,0,0
"ENTER OR REMAIN ON CAMPUS AFTER WITHDRAWAL - 57070001","EDC","51.239",0,0,0,0,1,1
"ENTICING A CHILD - 72990005","PC","25.04",4,0,7,0,2,0
"ENTICING A CHILD AWAY FROM CUSTODIAN - 38990037","PC","25.04(b)",13,1,23,0,24,0
"ENTICING A CHILD W/INT FELONY - 72990024","PC","25.04",8,0,2,0,3,0
"ENTICING CHILD AWAY FRM CUSTODIAN W/INT FELONY - 38990038","PC","25.04(b)",15,0,17,3,8,5
"ESCAPE FROM CUSTODY - 49990001","PC","38.06(a)",229,30,235,30,237,17
"ESCAPE WHILE ARRESTED/CONFINED- FELONY - 49990002","PC","38.06(c)",301,21,282,31,214,23
"ESCAPE-CAUSE BODILY INJ - 49990003","PC","38.06(d)",27,2,26,6,28,1
"ESCAPE-CAUSE SBI/THREAT OF DEADLY WEAP - 49990004","PC","38.06(e)",5,0,2,1,4,0
"ESCAPE-FELONY - 54950171","PC","38.06(c)",1,0,0,0,0,0
"ESCAPING FROM CUSTODY - 49010002","PC","38.07(a)",14,1,7,3,0,0
"EVADE ARR DET W/VEH/WTRCFT W/PREV CONV OR SBI - 48010013","PC","38.04(b)(2)(A,B)",268,7,234,10,268,3
"EVADING ARREST DET CAUSE SBI - 48010018","PC","38.04(b)(2)(B)",61,6,62,13,49,10
"EVADING ARREST DET TIRE DEFLA DEV AGAINST OFF - 48010021","PC","38.04(b)(2)(C)",2,0,4,0,23,0
"EVADING ARREST DET USE TIRE DEFL DEV CAUSE SBI - 48010023","PC","38.04(b)(3)(B)",0,0,1,0,2,0
"EVADING ARREST DET W/PREV CONVICTION - 48010019","PC","38.04(b)(1)",2578,6,2790,7,2806,5
"EVADING ARREST DET W/VEH - 48010020","PC","38.04(b)(2)(A)",10689,948,9977,778,9792,665
"EVADING ARREST DET: SMUGGLING OF PERSONS IAT - 64110045","PC","38.04(b-1)",0,0,1,0,2,0
"EVADING ARREST DETENTION - 48010017","PC","38.04(b)",14007,3172,14481,2707,14075,2260
"EVADING ARREST DETENTION CAUSING DEATH - 48010014","PC","38.04(b)(3)",6,1,3,5,3,4
"EVADING ARREST DETENTION CAUSING DEATH - 48010022","PC","38.04(b)(3)(A)",10,0,5,1,5,0
"EVADING ARREST DETENTION W/PREV CONVICTION - 48010015","PC","38.04(b)(1)(A)",245,0,149,1,11,0
"EVADING ARREST DETENTION W/VEH OR WATERCRAFT - 48010016","PC","38.04(b)(1)(B)",1266,132,1172,122,1142,105
"EVADING ARREST OR DETENTION - 48010001","PC","38.04(a)",35,25,18,24,30,34
"EVADING ARREST OR DETENTION DANGER OR SBI - 48010002","PC","38.04(d)(1)",1,0,0,1,0,0
"EVADING ARREST OR DETENTION SBI - 48010003","PC","38.04(d)(2)",1,0,1,0,2,0
"EVADING ARREST/DET - 48010008","PC","38.04(b)",250,7,166,7,173,3
"EVADING ARREST/DET CAUSING DEATH OF ANOTHER - 49020004","PC","38.04(b)(4)",0,0,0,0,0,1
"EVADING ARREST/DET SBI - 49020003","PC","38.04(b)(3)",2,0,1,0,0,0
"EVADING ARREST/DET USING VEHICLE - 48010009","PC","38.04(b)(1)",5,0,18,3,3,2
"EVADING ARREST/DET USING VEHICLE PREV CONV - 49020002","PC","38.04(b)(2)",3,0,2,0,0,0
"EVADING ARREST/DETENTION SBI/DEATH - 49020001","PC","38.04(b)",0,0,0,0,1,0
"EVADING ARREST/DETENTION W/VEH - 48010012","PC","38.04(b-1)",147,4,125,3,60,1
"EVD/RESIST APP/TRANSP PRTECT CUST/TEMP DET ORD - 48010024","HSC","81.212(c)",17,2,18,1,9,5
"EXECUTION OF CAPIAS OR ARREST WARRANT - 72990028","OC","1702.3867",6,0,1,0,0,0
"EXHIBIT FIREARMS ON CAMPUS OR SCHOOL BUS - 52990009","EDC","37.125(b)",8,42,11,51,12,34
"EXHIBITING FIREARM ON CAMPUS OR SCHOOL BUS - 52030015","EDC","37.125",2,4,0,3,2,0
"EXPLOITATION OF CHILD/ELDERLY/DISABLED - 38990006","PC","32.53(c)",186,0,220,1,225,5
"EXPLOTATION/ENTICEMENT CLASS C - 64999999","X","CLASS C",1,0,0,0,1,0
"EXTORTION CLASS C - 21999999","X","CLASS C",1,0,0,0,0,0
"FAIL ASSIST W/ASSEMBLY OF CATTLE TB W/PREV IAT - 50990029","AGC","162.013(b)",0,0,0,0,0,1
"FAIL CMPLY W/TERROR REG PREV CONV/FRAUD ID IAT - 73990730","CCP","65.102(c)",0,0,0,0,1,0
"FAIL GIVE NOTICE STRIK HWY FIXT/LDSCPING>=$200 - 54000019","VCS","6701d(42)",2,0,0,0,0,0
"FAIL GIVE NOTICE UPON STRIKING UNATT VEH>=$200 - 54000018","VCS","6701d(41)",0,0,1,0,0,0
"FAIL ID INTENT REFUSE GIVE ACCURTE ID INFO IAT - 48990031","PC","38.02(d-1)",39,8,182,28,189,22
"FAIL MAINTAIN RCRDS CATALYTIC CONVERTER REMOVE - 26990271","OC","2305.154(b)",0,0,0,0,1,0
"FAIL POSS FUR-BEARING ANIM PROPAGATION LIC 3RD - 62040014","PWC","71.005(c)",1,0,0,0,0,0
"FAIL PROVIDE ID/RECORDS OF STUDENT - 73990448","EDC","25.002(e)",0,0,0,0,1,0
"FAIL REFUSAL OF OFFICER FOR PUBLIC INFO - 73990575","GC","552.353",2,0,2,0,0,1
"FAIL REPORT ASSLT/NEGLCT/CARE OMISSN GRP HOME - 48120007","PC","38.172(d)",0,0,0,0,1,0
"FAIL STOP/REPORT SEX ASSLT/AGG SEX ASSLT CHILD - 48120009","PC","38.17(b)",0,0,1,0,2,0
"FAIL TO APPEAR COUNTY CIVIL SERVICE SUBPOENA - 50150005","LGC","158.0095(e)",7,0,17,0,9,0
"FAIL TO APPEAR SHERIFF CIVIL SERVICE SUBPOENA - 50150006","LGC","158.0355(e)",6,0,3,0,0,0
"FAIL TO COMPLY SEX OFF DUTY TO REG LIFE/90 DAY - 36990008","CCP","62.102(b)(3)",274,0,261,0,345,0
"FAIL TO COMPLY SEX OFF DUTY TO REG LIFE/ANNUAL - 36990007","CCP","62.102(b)(2)",1413,1,1410,0,1544,0
"FAIL TO COMPLY SEX OFF DUTY TO REG W/PREV IAT - 36990009","CCP","62.102(c)",348,0,330,0,327,0
"FAIL TO COMPLY SEX OFFENDERS DUTY TO REG 10YRS - 36990006","CCP","62.102(b)(1)",321,0,286,0,346,0
"FAIL TO COMPLY SEX OFFENDERS DUTY TO REG CIVIL - 36990005","CCP","62.203",71,0,59,0,83,0
"FAIL TO COMPLY W/FINAN STATEMENT REQUIREMENTS - 26070219","TRC","370.2521(f)",2,0,1,0,0,0
"FAIL TO COMPLY W/FINAN STATEMENT REQUIREMENTS - 26070334","TRC","370.2521(f)",0,0,0,0,1,0
"FAIL TO COMPLY W/IMMIGRATION DETAINER REQUEST - 50990045","PC","39.07(b)",1,0,0,0,3,0
"FAIL TO COMPLY W/MTR VEH SALVAGE LAW-RECORDS - 71990024","VCS","6687-2(k)",0,0,1,0,1,0
"FAIL TO COMPLY WITH SEX OFFENDER REG/90DAY - 36120006","CCP","62.1",11,0,1,0,5,0
"FAIL TO COMPLY WITH SEX OFFENDER REG/PREV CONV - 36120007","CCP","62.1",1,0,0,0,1,0
"FAIL TO COMPLY WITH SEX OFFENDER REGISTRATION - 36120003","CCP","62.1",2,0,2,0,2,0
"FAIL TO COMPLY WITH SEX OFFENDER REGISTRATION - 36120004","CCP","62.1",1,0,0,0,1,0
"FAIL TO COMPLY WITH SEX OFFENDER REGISTRATION - 36120005","CCP","62.1",6,0,4,0,0,0
"FAIL TO DISCLOSE LACK OF OWNERSHIP OF GOODS - 26070233","BCC","251.007(b)",0,0,0,0,1,0
"FAIL TO DISPLAY DRIVERS LICENSE 3RD - 54000021","VCS","6687b(13)",1,0,0,0,0,0
"FAIL TO FILE FINANCIAL STATEMENT BY CANDIDATE - 59990002","GC","572.034",1,0,0,0,0,0
"FAIL TO ID FUGITIVE FRM JUSTICE REFUSE TO GIVE - 48990008","PC","38.02(d)(1)",1273,26,1330,14,1488,13
"FAIL TO ID FUGITIVE INTENT GIVE FALSE INFO - 48990009","PC","38.02(d)(2)",8812,55,8534,56,8163,57
"FAIL TO IDENTIFY FUGITIVE FROM JUSTICE - 48990004","PC","38.02(d)",96,2,150,0,77,1
"FAIL TO IDENTIFY GIVING FALSE/FICTITIOUS INFO - 48990007","PC","38.02(b)",751,42,314,13,114,1
"FAIL TO IDENTIFY GIVING FALSE/FICTITIOUS INFO - 48990015","PC","38.02(c)(2)",3852,337,4464,292,4778,270
"FAIL TO INSPECT/LICENSE HERBICIDE EQUIPMENT - 73990099","AGC","75.016",1,0,0,0,0,0
"FAIL TO MAINTAIN CONSTRUCTION ACCOUNT - 26070178","PRC","162.032",6,0,2,0,2,0
"FAIL TO MAINTAIN FINAN REC OR PREP ANNUAL RPT - 73991053","BOC","22.354",18,0,8,0,15,0
"FAIL TO MAINTAIN OIL/GAS CARGO MANIFEST RCRD - 73990111","NRC","114.102(a)(3)",0,0,1,0,0,0
"FAIL TO MAINTAIN PROOF OF FINANCIAL RESPON - 54000020","VCS","6701h-32(f)",12,0,15,0,21,0
"FAIL TO OBTAIN/MAINTAIN OPER LIC/CONSTR PERMIT - 73990136","HSC","144.08",0,0,0,0,2,0
"FAIL TO PAY TAXES COLLECT >= $1500 < $20K - 61990035","TC","151.7032(b)(4)",0,0,1,0,0,0
"FAIL TO PAY TAXES COLLECT >= $20K < $100K - 61990036","TC","151.7032(b)(5)",0,0,1,0,3,0
"FAIL TO REGISTER AS SEX OFFENDER - 36120001","CCP","62.1",6,0,4,0,2,0
"FAIL TO REGISTER AS SEX OFFENDER - 36200001","VCS","6252-13c.1(7)(a)",0,0,1,0,0,0
"FAIL TO REGISTER AS SEX OFFENDER ENH - 36120002","CCP","62.1",29,0,8,0,1,0
"FAIL TO REMIT TAX BY DEALER $1500 < $20K - 61990016","TC","152.104",4,0,6,0,5,0
"FAIL TO REMIT TAX BY DEALER $20K < $100K - 61990017","TC","152.104",1,0,2,0,1,0
"FAIL TO REPORT ABUSE NEGLECT EXPLTTION ELD/DIS - 38990023","HSC","260A.012(b)",1,0,0,0,0,0
"FAIL TO REPORT ABUSE/NEGLECT ELDERLY/DISABLED - 38990012","HRC","48.051",1,0,0,0,0,0
"FAIL TO REPORT ABUSE/NEGLECT ELDERLY/DISABLED - 38990043","HRC","48.052(a)",0,0,0,0,1,0
"FAIL TO REPORT AGG SEXUAL ASSLT OF CHILD - 36990003","PC","38.17",10,0,10,0,9,0
"FAIL TO REPORT CHILD ABUSE - 38060007","FC","34.02",1,0,0,0,0,0
"FAIL TO REPORT CHILD ABUSE - 38060015","FC","261.109",5,0,10,0,2,0
"FAIL TO REPORT EMPLOYEE MISCOND INTEND CONCEAL - 48120011","EDC","22A.052(k)",0,0,0,0,1,0
"FAIL TO REPORT FELONY W/SBI OR DEATH RESULTS - 36990012","PC","38.171",15,2,4,0,0,0
"FAIL TO REPORT FELONY W/SBI OR DEATH RESULTS - 48120002","PC","38.171(b)",38,10,76,1,92,3
"FAIL TO REPORT SUSPECTED NEGLECT/ABUSE - 70990018","HSC","464.016(c)",1,0,0,0,0,0
"FAIL TO REPORT:ABUSE/NEGLECT ELD/DIS STATE FAC - 38990021","HRC","48.052(a)",3,0,1,0,0,0
"FAIL TO RETURN UTILITY DEPOSIT TO DEPOSITOR - 23000129","TUC","183.006",4,0,0,0,0,0
"FAIL TO RPRT:ABUSE/NEGLECT CHILD ST FACIL IAT - 38990020","FC","261.109(b)",1,0,1,0,3,0
"FAIL TO STOP AND GIVE INFO >= $200 DAMAGE - 54010004","TRC","550.022(a)",319,19,249,3,61,1
"FAIL TO STOP AND GIVE INFO >=$200 DAMAGES - 54010002","VCS","6701d(39)(2)",7,0,9,0,11,0
"FAIL TO STOP AND RENDER AID - 54010001","VCS","6701d-(38)(a)",15,3,13,0,8,1
"FAIL TO STOP AND RENDER AID INJ/DEATH - 54010003","TRC","550.021(a)",65,1,27,0,15,0
"FAIL TO STOP AND RENDER AID(FSRA) - 54900103","TRC","550.022",0,0,1,0,0,0
"FAIL TO SURRENDER PRIVATE INV/SECURITY REGIST - 73990516","OC","1702.387",2,0,0,0,0,0
"FAIL/SURRENDER UNEXPIRED LIC PLATE/CERTIF ENH - 54000001","VCS","6687-2(N)",1,0,0,0,0,0
"FAILING TO PAY EMPLOYEE WAGES - 70990056","LC","61.019",0,0,0,0,1,0
"FAILURE TO DISPLAY CREDENTIAL-RACING ACT - 39990016","OC","2033.007(c)",0,0,0,0,0,1
"FAILURE TO HAVE E-CIG PERMIT - 73991107","HSC","147.0152(b)",11,0,18,0,7,0
"FAILURE TO IDENTIFY - 48000001","PC","38.02",22,0,22,2,15,1
"FAILURE TO IDENTIFY ENH - 48000002","PC","38.02",4,0,1,0,2,0
"FAILURE TO IDENTIFY FUGITIVE FROM JUSTICE - 48000003","PC","38.02(e)",7,0,5,0,5,0
"FAILURE TO NOTIFY/REPORT - 62050064","WC","7.15",11,0,9,1,5,2
"FAL DRUG TEST FALSIFICATION DEVICE - 35990071","HSC","481.133(a)",848,7,908,7,968,6
"FAL DRUG TEST MAN/DEL SUBST/DEVICE - 35990072","HSC","481.133(b)",22,1,21,1,30,3
"FAL HOLD ONESELF OUT AS A LAWYER - 26040026","PC","38.122",5,0,8,0,3,0
"FAL NAME/INFO/FORGERY VEHICLE REGISRATION - 26990102","TRC","501.155(a)",5,0,11,0,17,0
"FAL STATEMENT FOR PROPERTY/CREDIT $1500 < $20K - 26070139","PC","32.32",0,0,3,0,1,0
"FAL STATEMENT FOR PROPERTY/CREDIT $20K < $100K - 26070140","PC","32.32",2,0,0,0,1,0
"FAL STATEMENT FOR PROPERTY/CREDIT $50 < $500 - 26070137","PC","32.32",1,0,2,0,0,0
"FAL STATEMENT ON VOTER REGISTR APPLIC - 26070320","EC","13.007(b)",0,0,0,0,1,0
"FAL STATEMNT CHEM LAB APARATUS RECD/REPORT - 26070061","HSC","481.082(a)(3)",2,0,0,0,0,0
"FALSE ALARM OR REPORT - 53080001","PC","42.06(a)",34,0,14,1,5,0
"FALSE ALARM OR REPORT - 53990013","PC","42.06 (a)",28,5,16,2,8,0
"FALSE ALARM OR REPORT - 53990020","PC","42.06(b)",326,99,395,113,407,92
"FALSE ALARM OR REPORT EMERGENCY - 53080002","PC","42.06(b)",2,6,0,2,1,5
"FALSE ALARM OR REPORT EMERGENCY - 53990014","PC","42.06 (b)",89,212,89,243,75,186
"FALSE APPLICATION ON DRIVERS LICENSE - 26070131","TRC","521.454",2,0,1,0,3,0
"FALSE CALLER ID INFORMATION - 26990232","PC","33A.051(b)",2,0,0,0,0,0
"FALSE ENTRY/FAIL TO ENTER IN TAX RECORDS - 61990015","TC","151.7102",1,0,1,0,2,0
"FALSE ID AS POLICE OFFICER - 26040007","PC","37.12",0,0,5,0,0,0
"FALSE ID AS POLICE OFFICER - 26040032","PC","37.12(e)",13,0,17,0,17,0
"FALSE INFO EXEMPT CERT >= $20 < $200 - 26070243","TC","151.707(b)(2)",0,0,0,0,1,0
"FALSE INFO EXEMPT CERT >= $750 < $20K - 26070245","TC","151.707(b)(4)",0,0,1,0,0,0
"FALSE INFO IN NOTICE TO OWNER/LIENHOLDER - 26070242","PRC","59.0445(h)",0,0,1,0,0,0
"FALSE INFORM SUPPRESSING EVIDENCE - 48030001","PC","32.72",1,0,0,0,0,0
"FALSE INFORMATION OR FORGERY - 25000005","VCS","6687-1(61)(a)",1,0,1,0,0,1
"FALSE NAME INFO/FORGERY VEHICLE REGISTRATION - 25890005","TRC","501.155(b)",21,0,31,0,41,0
"FALSE RECORD FOR/ON BIRTH/DEATH CERTIFICATE - 26070027","HSC","195.003",1,0,0,0,1,0
"FALSE REPORT OF ABUSE ELDERLY/DISABLE - 38990022","HRC","48.053(b)",0,0,3,0,0,0
"FALSE REPORT ON SEIZURE OF ILLICIT BEV - 48030003","ABC","103.05(d)",1,0,0,0,1,0
"FALSE REPORT SEX HARR/ASSAULT/DATE VIOL/STALK - 26070304","EDC","51.255(b)",0,0,1,0,3,1
"FALSE REPORT STATEMENT OFFICER/AGENT HMO - 26070307","IC","843.464(b)",111,6,111,7,158,11
"FALSE REPORT TO POLICE OFF/SP INV/LAW ENF EMPL - 48030004","PC","37.08",201,3,63,2,27,4
"FALSE REPORT TO POLICE OFFICER - 48030002","PC","37.08",45,0,36,0,13,0
"FALSE REPORT/STATEMENT OFFICER/AGENT HMO - 26070032","IC","20A.24",34,1,18,1,12,0
"FALSE REPRT INDUCE EMERG RESP - 26070315","PC","42.0601(b)",172,23,247,19,300,118
"FALSE REPRT INDUCE EMERG RESP CAUSE SBI - 26070317","PC","42.0601(b)(2)",2,0,1,2,6,0
"FALSE REPRT INDUCE EMERG RESP W/2+ PREV CONV - 26070316","PC","42.0601(b)(1)",0,0,0,1,4,0
"FALSE STATEMENT FOR PROPERTY OR CREDIT - 26070046","PC","32.32",1,0,0,0,1,0
"FALSE STATEMENT ON ALCOHOL BEVERAGE LICENSE - 26070001","ABC","101.69",1,0,1,0,1,0
"FALSE STATEMENT PROPERTY/CREDIT >=$100<$750 - 26070259","PC","32.32(c)(2)",24,0,42,0,32,0
"FALSE STATEMENT PROPERTY/CREDIT >=$150K<$300K - 26070263","PC","32.32(c)(6)",6,0,6,0,10,0
"FALSE STATEMENT PROPERTY/CREDIT >=$2,500<$30K - 26070261","PC","32.32(c)(4)",75,0,82,0,92,0
"FALSE STATEMENT PROPERTY/CREDIT >=$300K - 26070264","PC","32.32(c)(7)",5,0,7,0,7,0
"FALSE STATEMENT PROPERTY/CREDIT >=$30K<$150K - 26070262","PC","32.32(c)(5)",118,0,99,0,102,0
"FALSE STATEMENT PROPERTY/CREDIT >=$750<$2,500 - 26070260","PC","32.32(c)(3)",9,0,13,0,3,0
"FALSE STATEMENT SECURITIES >=$10K<$100K - 26070076","VCS","581-29(C)(3)",0,0,0,0,1,0
"FALSE STMNT TO PO/SP INV/LAW ENF EMPL/CORR OFF - 48030005","PC","37.08(c)",480,22,705,35,877,30
"FALSE STMNT/MISREP/CERT ACT W/O LIC MONEY SERV - 26070327","FNC","152.408(b)",2,0,5,0,4,0
"FALSE/FAIL TO GIVE MEAT/POULTRY REPORT - 26070055","HSC","433.091",0,0,0,0,1,0
"FALSE/FRAUD/FICTITIOUS DOC CONVY REAL PROP INT - 26020017","PC","32.56(b)",0,0,0,0,3,0
"FALSE/MISLEADING INFO ON REQUIRED NOTICE - 26070240","PRC","70.006(b-3)",2,0,0,0,0,0
"FAMILY OFFENSES CLASS C - 38999999","X","CLASS C",222,0,249,0,298,2
"FEDERAL OFFENSE - 88888888","X","FEDERAL OFFENSE",3658,0,2423,0,1668,0
"FICTITIOUS COUNTERFEIT INSP/INS DOC FOR DISPL - 26990078","TRC","548.603",14,0,19,0,27,0
"FICTITIOUS COUNTERFEIT INSP/INS DOC FOR DISPLA - 25050002","TRC","548.603(f)",3,0,0,0,1,0
"FICTITIOUS LIC PLATE - 26990077","TRC","502.409(f)",2,0,1,0,1,0
"FINANCIAL ABUSE ELDERLY >=$100<$750 - 26990246","PC","32.55(d)(2)",0,0,7,0,3,0
"FINANCIAL ABUSE ELDERLY >=$150K - 26990250","PC","32.55(d)(6)",3,0,3,0,19,0
"FINANCIAL ABUSE ELDERLY >=$2500<$30K - 26990248","PC","32.55(d)(4)",21,0,27,1,49,2
"FINANCIAL ABUSE ELDERLY >=$30K<$150K - 26990249","PC","32.55(d)(5)",12,0,27,0,40,0
"FINANCIAL ABUSE ELDERLY >=$750<$2500 - 26990247","PC","32.55(d)(3)",0,0,12,0,7,0
"FIRE DETECTION & ALARM DEVICE REGULATIONS - 73991093","IC","6002.351(b)",4,0,0,0,0,0
"FIRE EXTNGSHER SRVCE AND INSTAL PROH PRACTICES - 73990330","IC","6001.301(b)",0,0,1,0,0,0
"FIRE MARSHALL ORDER FAIL TO COMPLY - 71990038","HSC","775.119",0,0,0,0,3,0
"FIREARM SMUGGLING - 52170001","PC","46.14",2,0,6,0,0,0
"FIREARM SMUGGLING - 52170004","PC","46.14(b)",12,2,15,0,18,0
"FIREARM SMUGGLING 3 OR MORE FIREARMS - 52170002","PC","46.14(b)",10,0,8,0,16,0
"FLEEING POLICE OFFICER - 48010004","VCS","6701d(186)(a)",116,0,22,0,2,0
"FLEEING POLICE OFFICER - 48010010","TRC","545.421",1181,18,1379,10,1551,21
"FLEEING POLICE OFFICER IMMINENT DANGER SBI - 48010011","TRC","545.421(d)",126,0,106,1,140,4
"FLEEING POLICE OFFICER W/ SBI - 48010005","VCS","6701d(186)(a)",0,0,1,0,0,0
"FLIGHT-ESCAPE CLASS C - 49999999","X","CLASS C",13,0,30,0,15,0
"FLYING WHILE INTOXICATED 3RD OR MORE - 54990006","PC","49.09(b)",0,0,0,0,1,0
"FORG GOV/NTL INST/MNY/SEC <$100 ENH IAT - 25020029","PC","32.21(e-2)",0,0,1,0,3,0
"FORG GOV/NTL INST/MNY/SEC >$300K IAT - 25020046","PC","32.21(e-1)(7)",0,0,1,0,1,0
"FORG GOV/NTL INST/MNY/SEC >=$100<$750 ENH IAT - 25020030","PC","32.21(e-2)",0,0,0,0,3,0
"FORG GOV/NTL INST/MNY/SEC >=$100<$750 IAT - 25020035","PC","32.21(e-1)(1)",0,0,0,0,2,0
"FORG GOV/NTL INST/MNY/SEC >=$100<$750 IAT - 25020041","PC","32.21(e-1)(2)",10,0,5,0,22,0
"FORG GOV/NTL INST/MNY/SEC >=$150K<$300K ENH IA - 25020034","PC","32.21(e-2)",0,0,1,0,2,0
"FORG GOV/NTL INST/MNY/SEC >=$150K<$300K IAT - 25020045","PC","32.21(e-1)(6)",0,0,1,0,0,0
"FORG GOV/NTL INST/MNY/SEC >=$2500<$30K ENH IAT - 25020032","PC","32.21(e-2)",1,0,9,0,5,0
"FORG GOV/NTL INST/MNY/SEC >=$2500<$30K IAT - 25020037","PC","32.21(e-1)(3)",1,0,0,0,3,0
"FORG GOV/NTL INST/MNY/SEC >=$2500<$30K IAT - 25020043","PC","32.21(e-1)(4)",6,0,26,0,11,0
"FORG GOV/NTL INST/MNY/SEC >=$30K<$150K ENH IAT - 25020033","PC","32.21(e-2)",1,0,1,0,1,0
"FORG GOV/NTL INST/MNY/SEC >=$30K<$150K IAT - 25020038","PC","32.21(e-1)(4)",2,0,0,0,0,0
"FORG GOV/NTL INST/MNY/SEC >=$30K<$150K IAT - 25020044","PC","32.21(e-1)(5)",5,0,5,0,7,0
"FORG GOV/NTL INST/MNY/SEC >=$750<$2500 ENH IAT - 25020031","PC","32.21(e-2)",0,0,2,0,4,0
"FORG GOV/NTL INST/MNY/SEC >=$750<$2500 IAT - 25020036","PC","32.21(e-1)(2)",0,0,1,0,0,0
"FORG GOV/NTL INST/MNY/SEC >=$750<$2500 IAT - 25020042","PC","32.21(e-1)(3)",1,0,9,0,11,0
"FORG NAME PERMITS/TENDERS FOR OIL/GAS - 25020007","NRC","85.386(1)",0,0,1,0,0,0
"FORGE/INCR PRESCR QUAN/DANGEROUS DRUG ENH - 35990053","HSC","483.045(b)",3,0,0,0,0,0
"FORGE/INCREASE PRESCR QUANTITY/DANGER DRUG - 35000078","HSC","483.045(a)(1)",1,0,0,0,0,0
"FORGE/INCREASE PRESCR QUANTITY/DANGER DRUG - 35990039","HSC","483.045(b)",21,0,13,0,2,0
"FORGE/INCREASE PRESCR QUANTITY/DANGER DRUG - 35990081","HSC","483.045(a)(1)",0,0,1,0,0,0
"FORGERY - 25000003","PC","32.21(c)",6,0,3,0,2,0
"FORGERY - DEFRAUD/HARM OF ANOTHER ELDERLY IAT - 25890023","PC","32.21(e-2)",69,0,59,1,41,0
"FORGERY AGAINST ELDERLY INDIVIDUAL - 25890024","PC","32.21(e-2)",0,0,0,0,4,0
"FORGERY AGAINST ELDERLY INDIVIDUAL - 25890025","PC","32.21(e-2)",0,0,0,0,5,0
"FORGERY CLASS C - 25999999","X","CLASS C",19,0,6,0,17,0
"FORGERY FINANCIAL INSTR <$100 ENH IAT - 25020028","PC","32.21(e-2)",7,0,1,0,5,0
"FORGERY FINANCIAL INSTR >=$100<$750 ENH IAT - 25020023","PC","32.21(e-2)",25,0,41,0,18,0
"FORGERY FINANCIAL INSTR >=$150K<$300K ENH IAT - 25020027","PC","32.21(e-2)",1,0,2,0,1,0
"FORGERY FINANCIAL INSTR >=$2500<$30K ENH IAT - 25020025","PC","32.21(e-2)",33,0,53,0,51,0
"FORGERY FINANCIAL INSTR >=$30K<$150K ENH IAT - 25020026","PC","32.21(e-2)",9,0,12,0,14,0
"FORGERY FINANCIAL INSTR >=$750<$2500 ENH IAT - 25020024","PC","32.21(e-2)",28,0,35,0,38,0
"FORGERY FINANCIAL INSTRUMENT - 25020004","PC","32.21(d)",7,0,9,0,3,0
"FORGERY FINANCIAL INSTRUMENT - 25020048","PC","32.21(d)",0,0,0,0,168,3
"FORGERY FINANCIAL INSTRUMENT - 25890001","PC","32.21(d)",1205,2,1168,6,788,0
"FORGERY FINANCIAL INSTRUMENT >=$100<$750 IAT - 25020015","PC","32.21(e-1)(2)",108,2,65,1,78,0
"FORGERY FINANCIAL INSTRUMENT >=$150K<$300K IAT - 25020019","PC","32.21(e-1)(6)",5,0,10,0,12,0
"FORGERY FINANCIAL INSTRUMENT >=$2500<$30K IAT - 25020017","PC","32.21(e-1)(4)",152,1,183,0,177,0
"FORGERY FINANCIAL INSTRUMENT >=$300K IAT - 25020020","PC","32.21(e-1)(7)",13,0,17,0,5,0
"FORGERY FINANCIAL INSTRUMENT >=$30K<$150K IAT - 25020018","PC","32.21(e-1)(5)",44,0,38,0,44,0
"FORGERY FINANCIAL INSTRUMENT >=$750<$2500 IAT - 25020016","PC","32.21(e-1)(3)",95,0,151,2,105,0
"FORGERY FINANCIAL INSTRUMENT ELDERLY - 25890020","PC","32.21(e-1)",10,0,14,0,43,0
"FORGERY FINANCIAL INSTRUMENT ENH IAT - 25020021","PC","32.21(e-2)",73,1,81,0,36,0
"FORGERY GOVT FINANCIAL INSTRUMENT - 25020005","PC","32.21(e)",1,0,0,0,0,0
"FORGERY GOVT/NATION INST/MONEY/SECURITY ELDER - 25890021","PC","32.21(e-1)",4,0,1,0,1,0
"FORGERY GOVT/NATIONAL INST/MONEY/SECURITY - 25020049","PC","32.21(e)",0,0,0,0,77,2
"FORGERY GOVT/NATIONAL INST/MONEY/SECURITY - 25890002","PC","32.21(e)",544,8,594,3,356,4
"FORGERY GOVT/NTNL INST/MONEY/SEC ENH IAT - 25020022","PC","32.21(e-2)",16,0,12,0,12,0
"FORGERY OBTAIN PROP OR SERV <$100 IAT - 25020050","PC","32.21(e-1)(1)",0,0,0,0,3,0
"FORGERY OBTAIN PROP OR SERV >=$100<$750 IAT - 25020051","PC","32.21(e-1)(2)",0,0,0,0,8,0
"FORGERY OBTAIN PROP OR SERV >=$150K IAT - 25020055","PC","32.21(e-1)(6)",0,0,0,0,1,0
"FORGERY OBTAIN PROP OR SERV >=$2500<$30K IAT - 25020053","PC","32.21(e-1)(4)",0,0,0,0,11,0
"FORGERY OBTAIN PROP OR SERV >=$30K<$150K IAT - 25020054","PC","32.21(e-1)(5)",0,0,0,0,6,0
"FORGERY OBTAIN PROP OR SERV >=$750<$2500 IAT - 25020052","PC","32.21(e-1)(3)",0,0,0,0,7,0
"FORGERY TO DEFRAUD OR HARM OF ANOTHER - 25020047","PC","32.21(c)",0,0,0,0,24,0
"FORGERY TO DEFRAUD OR HARM OF ANOTHER - 25890003","PC","32.21(c)",110,2,138,2,96,0
"FORGERY-TO DEFRAUD OR HARM ELDERLY - 25890019","PC","32.21(e-1)",3,0,2,0,1,0
"FORGERY/COUNTERFEITING ALCOHOL BEVERAGE STAMP - 25000002","ABC","206.06(b)",1,0,0,0,0,0
"FORGES OIL/GAS CARGO DOCUMENT - 25020001","NRC","114.102(a)(4)",0,0,0,0,1,0
"FRAUD CLASS C - 26999999","X","CLASS C",33,0,29,0,28,0
"FRAUD DEL CS/PRESCRIPTION SCH II/SCRIPT FORM - 35990224","HSC","481.129(f)(1)",8,0,3,0,1,0
"FRAUD DEL CS/PRESCRIPTION SCH III/IV/V - 35990195","HSC","481.129(c)(1)",1,0,0,0,0,0
"FRAUD DEL CS/PRESCRIPTION SCH III/IV/V - 35990225","HSC","481.129(f)(2)",7,0,4,0,1,0
"FRAUD DESTR/REMOVAL/CONCEALMENT OF WRITING - 26000072","PC","32.47(b)",1,0,0,0,0,0
"FRAUD DESTROY REMOVAL CONCEALMENT WRITING - 26990041","PC","32.47(a)",29,0,21,0,12,0
"FRAUD DESTROY REMOVAL CONCEALMENT WRITING - 26990233","PC","32.47(c)",164,6,117,4,101,2
"FRAUD DESTROY REMOVAL CONCEALMENT WRITING ENH - 26990042","PC","32.47(d)",3,0,4,0,11,0
"FRAUD FISHING TOURNAMENT - 26070202","PWC","66.023(d)",0,0,3,0,0,0
"FRAUD INTENT OBTAIN CS SCH I/II - 35990221","HSC","481.129(d-1)(1)",10,0,7,0,2,0
"FRAUD INTENT OBTAIN CS SCH III/IV - 35990222","HSC","481.129(d-1)(2)",6,0,5,0,8,0
"FRAUD INTENT OBTAIN CS SCH V - 35990223","HSC","481.129(d-1)(3)",5,0,0,0,3,0
"FRAUD OBTAIN WORKERS COMP INS COVER <$1,500 - 26990064","LC","418.002(b)(1)",0,0,1,0,0,0
"FRAUD OBTAIN/DENY BENEFITS =>$1,500 - 26990063","LC","418.001(b)(2)",1,0,1,0,0,0
"FRAUD POSS CS PRESCRIPTION SCH IV/V - 35990227","HSC","481.129(g)(2)",0,0,1,0,0,1
"FRAUD POSS CS SCRIPT SCH II/III/SCRIPT FORM - 35990226","HSC","481.129(g)(1)",2,0,3,0,2,0
"FRAUD POSS CS/PRESCRIPTION SCH I/II - 35990055","HSC","481.129(d)(1)",17,0,9,0,7,0
"FRAUD POSS CS/PRESCRIPTION SCH I/II - 35990190","HSC","481.129(a)",0,0,2,0,0,0
"FRAUD POSS CS/PRESCRIPTION SCH II/III - 35990196","HSC","481.129(c)(2)",0,0,1,0,0,0
"FRAUD POSS CS/PRESCRIPTION SCH III/IV - 35990105","HSC","481.129(d)(2)",16,0,22,0,13,0
"FRAUD POSS CS/PRESCRIPTION SCH III/IV - 35990191","HSC","481.129(a)",1,1,3,0,0,0
"FRAUD POSS CS/PRESCRIPTION SCH V - 35990110","HSC","481.129(d)(3)",7,0,1,0,4,0
"FRAUD POSS CS/PRESCRIPTION SCH V - 35990192","HSC","481.129(a)",3,0,0,0,0,0
"FRAUD POSS/MAN W/INT CS/PRESCRIPTION - 35990205","HSC","481.129(e)",2,0,3,0,0,0
"FRAUD POSS/USE CREDIT OR DEBIT CARD <5 - 26050022","PC","32.315(e)(1)",411,18,350,21,393,7
"FRAUD POSS/USE CREDIT OR DEBIT CARD =>10<50 - 26050024","PC","32.315(e)(3)",125,2,134,1,106,1
"FRAUD POSS/USE CREDIT OR DEBIT CARD =>50 - 26050025","PC","32.315(e)(4)",36,0,35,0,21,1
"FRAUD POSS/USE CREDIT OR DEBIT CARD =>5<10 - 26050023","PC","32.315(e)(2)",169,3,175,4,159,5
"FRAUD SALE SECURITIES >=$100K SECURITIES - 26000133","VCS","581-29(C)(1)",1,0,0,0,0,0
"FRAUD SALE/RENT/LEASE OF RESIDENTIAL REAL PROP - 26020018","PC","32.57(b)",0,0,0,0,3,0
"FRAUD SECURING DOC EXEC >=$100<$750 - 26990220","PC","32.46(b)(2)",0,0,0,0,2,0
"FRAUD SECURING DOC EXEC >=$150K<$300K - 26990224","PC","32.46(b)(6)",4,0,2,0,11,0
"FRAUD SECURING DOC EXEC >=$150K<$300K ENH IAT - 26070290","PC","32.46(c-1)",0,0,1,0,6,0
"FRAUD SECURING DOC EXEC >=$2,500<$30K - 26990222","PC","32.46(b)(4)",18,0,26,0,36,0
"FRAUD SECURING DOC EXEC >=$2,500<$30K ENH IAT - 26070288","PC","32.46(c-1)",0,0,3,0,4,0
"FRAUD SECURING DOC EXEC >=$300K - 26990225","PC","32.46(b)(7)",7,0,4,0,4,0
"FRAUD SECURING DOC EXEC >=$30K<$150K - 26990223","PC","32.46(b)(5)",17,0,13,0,32,0
"FRAUD SECURING DOC EXEC >=$30K<$150K ENH IAT - 26070289","PC","32.46(c-1)",2,0,4,0,1,0
"FRAUD SECURING DOC EXEC >=$750<$2,500 - 26990221","PC","32.46(b)(3)",2,0,1,0,0,0
"FRAUD SECURING DOC EXEC >=$750<$2,500 ENH IAT - 26070287","PC","32.46(c-1)",4,0,9,0,0,0
"FRAUD SECURING DOC EXEC PUB SERVANT - 26990165","PC","32.46(c)",1,0,1,0,0,0
"FRAUD SECURITIES CONDUCT <$10K - 26990257","GC","4007.203(b)(1)",0,0,1,0,1,0
"FRAUD SECURITIES CONDUCT >=$100K - 26990259","GC","4007.203(b)(3)",3,0,1,0,0,0
"FRAUD SECURITIES CONDUCT >=$10K < $100K - 26990258","GC","4007.203(b)(2)",0,0,2,0,0,0
"FRAUD SECURITY BUS PRACTICE >=$100K - 26990127","VCS","581-29(C)(4)(c)",0,0,4,0,0,0
"FRAUD SELL SECURITIES >=$100K - 26990120","VCS","581-29(C)(1)(c)",3,0,1,0,2,0
"FRAUD TRANSFER MOTOR VEH-FAIL TO DISC LOCATION - 24990006","PC","32.34(g)",0,0,1,0,0,0
"FRAUD TRANSFER OF MOTOR VEHICLE <$30K - 24990002","PC","32.34(f)(1)",32,0,18,0,29,0
"FRAUD TRANSFER OF MOTOR VEHICLE >=$150K<$300K - 24990004","PC","32.34(f)(3)",2,0,1,0,0,0
"FRAUD TRANSFER OF MOTOR VEHICLE >=$300K - 24990005","PC","32.34(f)(4)",1,0,0,0,0,0
"FRAUD TRANSFER OF MOTOR VEHICLE >=$30K<$150K - 24990003","PC","32.34(f)(2)",7,0,10,0,14,0
"FRAUD TRANSFER OF MOTOR VEHICLE<$20K - 26990025","PC","32.34(b)",1,0,0,0,0,0
"FRAUD USE/POS/TMPR GFT CRD/PCKG/DTA/REDEM >=50 - 26990282","PC","32.56(e)(4)",0,0,0,0,5,0
"FRAUD USE/POS/TMPR GFT CRD/PKG/DTA/RDM >=10<50 - 26990281","PC","32.56(e)(3)",0,0,0,0,3,0
"FRAUD USE/POSS IDENT INFO # ITEMS 10<50 ELDER - 26040048","PC","32.51(c-1)",27,0,31,0,26,1
"FRAUD USE/POSS IDENT INFO # ITEMS 50 OR MORE - 26040045","PC","32.51(c)(4)",148,0,154,0,147,1
"FRAUD USE/POSS IDENT INFO # ITEMS 5<10 ELDERLY - 26040047","PC","32.51(c-1)",51,0,43,0,40,0
"FRAUD USE/POSS IDENT INFO # ITEMS <5 ELDERLY - 26040046","PC","32.51(c-1)",284,3,296,0,269,1
"FRAUD USE/POSS IDENTIFYING INFO # ITEMS 10<50 - 26040044","PC","32.51(c)(3)",735,5,607,6,548,26
"FRAUD USE/POSS IDENTIFYING INFO # ITEMS 5<10 - 26040043","PC","32.51(c)(2)",817,5,756,9,688,5
"FRAUD USE/POSS IDENTIFYING INFO # OF ITEMS <5 - 26040042","PC","32.51(c)(1)",2778,22,2757,39,2646,24
"FRAUD USE/POSS OF IDENTIFYING INFO - 26040038","PC","32.51",23,3,17,2,11,1
"FRAUD USE/POSS/TMPR GIFT CRD/PCKG/DATA/RDM <5 - 26990279","PC","32.56(e)(1)",0,0,0,0,3,0
"FRAUD USES TRIPL PRESCR FORM SCH III/IV - 35990119","HSC","481.129(a)(3)",0,1,0,0,0,0
"FRAUD/DESTRY/REM/CONC PRICE TAG =$100<$750 - 26990234","PC","32.47(e)(2)",234,7,219,2,136,2
"FRAUD/DESTRY/REM/CONC PRICE TAG =$150K<$300K - 26990238","PC","32.47(e)(6)",0,0,1,0,0,0
"FRAUD/DESTRY/REM/CONC PRICE TAG =$2500<$30K - 26990236","PC","32.47(e)(4)",0,0,1,0,1,0
"FRAUD/DESTRY/REM/CONC PRICE TAG =$750<$2500 - 26990235","PC","32.47(e)(3)",13,0,8,0,3,0
"FRAUD/SUBSTANDARD OR FICTICIOUS DEGREE - 26990151","PC","32.52(c)",2,0,2,0,3,0
"FRAUDULENT COURT RECORD - 26990075","PC","37.13",0,0,1,0,0,0
"FRAUDULENT EMISSIONS INSP:DEFRAUD/HARM IAT - 26070256","TRC","548.6035(d)",0,0,0,0,2,0
"FRAUDULENT EMISSIONS INSPECTION - 26070252","TRC","548.6035(b)",2,0,0,0,25,0
"FRAUDULENT EMISSIONS INSPECTION W/PREV OFF - 26070253","TRC","548.6035(c)",0,0,0,0,1,0
"FRAUDULENT FINANCE STMT/FALSE STMT/GROUNDLESS - 26990073","PC","37.101(a)(2)(3)",0,0,0,0,2,0
"FRAUDULENT FINANCE STMT/FALSE/GROUNDLESS/INTEN - 26990074","PC","37.101(b)",3,0,5,0,3,0
"FRAUDULENT FINANCE STMT/FORGED - 26990071","PC","37.101(a)(1)",7,0,6,0,6,0
"FRAUDULENT FINANCE STMT/FORGED ENH - 26990072","PC","37.101(b)",1,0,0,0,0,0
"FRAUDULENT LIEN/CLAIM:REFUSAL TO RELEASE - 26990068","PC","32.49",3,0,0,0,0,0
"FRAUDULENT/FICTITIOUS MILITARY RECORD - 26040031","PC","32.54(c)",1,0,0,0,2,0
"FRESHWATER AND SALTWATER FISHING VIOL - 62020047","PWC","66.012(b)",1,0,1,0,0,0
"FUNERAL DISRUPTION W/IN 1000 FT CEMETERY/FACIL - 53990018","PC","42.055(b)",0,0,3,0,0,0
"FUNERAL SERVICE DISRUPTIONS - 53990017","PC","42.055(b)",1,0,0,0,0,0
"GAMBLING CLASS C - 39999999","X","CLASS C",2,0,4,0,6,0
"GAMBLING PROMOTION - 39990001","PC","47.03",205,0,245,0,281,0
"GAME AND FISH RESERVE VIOLATION - 62990060","PWC","82.409",3,0,1,0,2,0
"GARBAGE REFUSE AND OTHER WASTE CONDITIONS - 53990008","HSC","341.013",2,0,0,0,0,0
"GAS PIPELINE/PIPELINE TAX VIOLATION - 61990044","TUC","121.310(b)",2,0,0,0,0,0
"GIFT TO PUB SERV BY PERSON IN HIS JURISDICTION - 51010003","PC","36.08",0,0,1,0,0,0
"GIVING FALSE INFO FOR LICENSE REGISTRATION - 26990098","TRC","502.41",0,0,2,0,1,0
"GRAFFITI PECUNIARY LOSS >=$100<$750 - 29990051","PC","28.08(b)(2)",80,41,61,41,77,45
"GRAFFITI PECUNIARY LOSS >=$2,500<$30K - 29990053","PC","28.08(b)(4)",30,2,21,15,21,8
"GRAFFITI PECUNIARY LOSS >=$30K<$150K - 29990054","PC","28.08(b)(5)",0,0,2,0,0,0
"GRAFFITI PECUNIARY LOSS >=$750<$2,500 - 29990052","PC","28.08(b)(3)",20,11,33,9,27,20
"GRAFFITI WORSHIP BURIAL/PUBLIC MONUMENT/SCHOOL - 29990015","PC","28.08(d)",0,1,0,0,0,0
"GRAFFITI WRSHP BURIAL/MNMENT/SCH >=$750<$30K - 29990057","PC","28.08(d)",14,24,10,13,9,12
"GRAFFITI:PECUNIARY LOSS<$100K - 29990012","PC","28.08(b)(4)",0,0,0,1,0,0
"GRAFFITI:PECUNIARY LOSS<$1500 - 29990010","PC","28.08(b)(2)",0,1,0,0,0,0
"GRAFFITI:PECUNIARY LOSS<$20K - 29990011","PC","28.08(b)(3)",0,0,0,1,0,0
"GRAFFITI:PECUNIARY LOSS<$500 - 29990009","PC","28.08(b)(1)",0,0,1,0,2,0
"GROUNDS FOR CANCEL SUSPEND RETAIL DEALER LIC - 41010002","ABC","61.71(A)(18)",80,0,72,0,93,0
"HARASSMENT - 13160012","PC","42.07(c)",1741,191,2287,238,2502,212
"HARASSMENT - 53000002","PC","42.07(a)",2,1,4,0,2,0
"HARASSMENT BY PERSON IN CORR/DET/CIV COM FACIL - 13160016","PC","22.11(b)",152,34,167,12,148,23
"HARASSMENT BY PERSON IN CORRECTIONAL/DETENTION - 70990135","PC","22.11",9,0,4,0,0,0
"HARASSMENT BY PERSONS IN CORRECTIONAL FACILITY - 70990062","PC","22.11",0,0,0,0,1,0
"HARASSMENT OF HUNTERS, TRAPPERS AND FISHERMEN - 13160018","PWC","62.0125(g)",3,0,2,0,3,0
"HARASSMENT OF HUNTERS, TRAPPERS AND FISHERMEN - 62990038","PWC","62.0125",2,0,1,0,0,0
"HARASSMENT OF PUBLIC SERVANT - 13160017","PC","22.11(b)",1386,158,1504,206,1567,197
"HARASSMENT PERSON <18YOA INTEND SBI/SUICIDE - 13160021","PC","42.07(c)(2)(A)",6,2,1,11,4,2
"HARASSMENT PREV VIOL TEMP RESTRAINING ORDER - 13160022","PC","42.07(c)(2)(B)",4,0,2,0,1,0
"HARASSMENT W/PREV CONV - 13160013","PC","42.07(c)",8,0,6,0,1,1
"HARASSMENT W/PREV CONV - 13160019","PC","42.07(c)(1)",27,0,29,0,27,0
"HARASSMENT W/PREV CONV - 53090008","PC","42.07(c)(1)(A)",0,0,0,0,4,0
"HARASSMENT W/PREV CONVIC - 53990012","PC","42.07",1,0,1,0,1,0
"HARASSMENT-REPEATED ELECTRONIC COMMUNICATION - 13160020","PC","42.07(c)(2)",25,0,11,0,3,4
"HARBORING RUNAWAY CHILD - 70990022","PC","25.07",1,0,0,0,0,0
"HARBORING RUNAWAY CHILD - 70990045","PC","25.06",200,19,189,13,178,10
"HARRASSMENT - 53990004","PC","42.07(a)",676,11,351,4,84,3
"HARRASSMENT ENH - 53090002","PC","42.07",1,0,1,0,1,0
"HARRASSMENT MORE THAN ONE OCCASION - 53090001","PC","42.07(a)(7)",0,1,0,0,0,0
"HARRASSMENT OF PUBLIC SERVANT - 70990140","PC","22.11",153,10,80,4,21,5
"HARVEST STANDING TIMBER >= $200K - 23990169","NRC","151.052(b)(4)",1,0,0,0,0,0
"HARVEST STANDING TIMBER >= $500 < $20K - 23990012","NRC","151.052(b)(1)",2,0,0,1,1,0
"HAZING - 70990147","EDC","37.152(c)",19,1,1,8,1,4
"HEALTH AND SAFETY VIOL CLASS C - 55999999","X","CLASS C",7564,1,7423,0,7435,1
"HEALTH CARE FRAUD 25<50 CLAIMS IAT - 26070299","PC","35A.02(b)(5)(B)",0,0,1,0,1,0
"HEALTH CARE FRAUD =>$100<$750 - 26070294","PC","35A.02(b)(2)",1,0,0,0,0,0
"HEALTH CARE FRAUD =>$150K<$300K - 26070300","PC","35A.02(b)(6)(A)",0,0,1,0,1,0
"HEALTH CARE FRAUD =>$2500<$30K - 26070296","PC","35A.02(b)(4)(A)",7,0,10,0,15,0
"HEALTH CARE FRAUD =>$300K - 26070302","PC","35A.02(b)(7)",0,0,0,0,3,0
"HEALTH CARE FRAUD =>$30K<$150K - 26070298","PC","35A.02(b)(5)(A)",3,0,5,0,3,0
"HEALTH CARE FRAUD =>$750<$2500 - 26070295","PC","35A.02(b)(3)",0,0,1,0,0,0
"HEALTH CARE FRAUD =>50 CLAIMS IAT - 26070301","PC","35A.02(b)(6)(B)",2,0,5,0,3,0
"HEALTH CARE FRAUD OBSTRUCT INVESTIGATION - 48020006","PC","35A.02(b)(4)(B)",0,0,1,0,0,0
"HIGH VOLTAGE OVERHEAD LINES VIOLATION - 73991048","HSC","752.007",1,0,0,0,0,0
"HINDER APPREHENSION OR PROSECUTION KNOWN FELON - 48990010","PC","38.05(d)",305,0,299,5,359,2
"HINDER APPREHENSION/PROSECUTION KNOWN FELON - 48990003","PC","38.05(d)",42,0,50,1,27,0
"HINDER SECUR CRED'S PROCEEDS>=$20K<$100K - 26990022","PC","32.33(e)(5)",0,0,1,0,0,0
"HINDER SECURED CREDITORS >=$100<$750 - 29990058","PC","32.33(d)(2)",9,0,13,0,9,0
"HINDER SECURED CREDITORS >=$150K<$300K - 29990062","PC","32.33(d)(6)",1,0,1,0,1,0
"HINDER SECURED CREDITORS >=$2,500<$30K - 29990060","PC","32.33(d)(4)",26,0,25,0,45,0
"HINDER SECURED CREDITORS >=$300K - 29990063","PC","32.33(d)(7)",5,0,3,0,1,0
"HINDER SECURED CREDITORS >=$30K<$150K - 29990061","PC","32.33(d)(5)",3,0,11,0,12,0
"HINDER SECURED CREDITORS >=$750<$2,500 - 29990059","PC","32.33(d)(3)",13,0,8,0,17,0
"HINDER SECURED CREDITORS>=$1,500<$20K - 26990015","PC","32.33(d)(4)",3,0,2,0,1,0
"HINDER SECURED CREDITORS>=$20K<$100K - 26990016","PC","32.33(d)(5)",0,0,1,0,0,0
"HINDERING APPREH/PROS KNOWN FELON SEX OFFENDER - 48990011","PC","38.05(d)",36,0,24,0,34,0
"HINDERING APPREH/PROSECUTION KNOWN FELON - 48000005","PC","38.05(c)",2,0,5,0,1,0
"HINDERING APPREHENSION OR PROSECUTION - 48000004","PC","38.05(a)",3,0,1,0,1,0
"HINDERING APPREHENSION OR PROSECUTION - 48990002","PC","38.05(a)",232,8,215,8,233,5
"HINDERING PROCEEDINGS BY DISORDERLY COND - 50990001","PC","38.13",8,2,8,0,19,2
"HINDERING PROSECUTION OF TERRORISM - 50060002","PC","76.04(b)",0,0,0,0,7,0
"HOAX BOMBS - 52000003","PC","46.09",1,0,0,0,0,0
"HOAX BOMBS - 52150001","PC","46.08",0,0,0,0,3,0
"HOAX BOMBS - 52150003","PC","46.08(b)",7,0,7,1,7,0
"HOAX BOMBS IAT WFZ 46.08 - 52150004","PC","46.11(a)",0,0,1,1,0,0
"HOURS OF SALE OF BEER PROHIBITED - 41020010","ABC","105.05",5,0,0,0,2,0
"HOUSING AUTHORITY INTERESTED EMPLOYEES - 73990690","LGC","392.043(d)",2,0,0,0,0,0
"HUMAN TRAFFICKING - 64110000","X","X",0,0,1,0,0,0
"HUNT AT NIGHT - 62990013","PWC","62.004",23,0,5,0,3,0
"HUNT FROM VEHICLE - 62990011","PWC","62.003",23,0,4,0,2,0
"HUNT W/LIGHT - 62990015","PWC","62.005",21,0,5,0,2,0
"HUNT/POSS EXOTIC ANIMALS - 62010036","PWC","62.015",3,0,31,0,13,0
"HUNTING AT NIGHT ENH - 62000021","PWC","62.004",0,0,0,0,1,0
"HUNTING FROM VEHICLES ENH - 62000023","PWC","62.003(a)",0,0,2,0,0,0
"HUNTING PROVISIONS VIOLATION - 62010044","PWC","62.013(b)",48,4,39,2,72,0
"HUNTING PROVISIONS VIOLATION W/PREV CONVIC - 62010045","PWC","62.013(b)",1,0,0,0,1,0
"I/K INJURY TO CHILD BI - 13000030","PC","22.04(a)(4)",12,0,6,3,2,0
"I/K INJURY TO CHILD SBI - 13000031","PC","22.04(a)(1-3)",0,0,1,0,4,0
"I/K INJURY TO ELDERLY BI - 13000032","PC","22.04(a)(4)",0,0,0,0,1,0
"IDENTIFY SIGNS ON COMMERCIAL TRUCK/TRACTOR - 55990048","AGC","102.101",0,0,1,0,0,0
"IDENTITY THEFT BY ELECTRONIC DEVICE - 26990163","BCC","35.60(c)",1,0,0,0,0,0
"ILL CLAIM OF LOTTERY PRIZE FROM ANOTHER - 26990014","GC","466.310(a)",1,0,0,0,1,0
"ILL DUMP =>500LBS<1000LBS OR =>100CFT<200CFT - 62050119","HSC","365.012(f)(1)",30,0,31,0,53,0
"ILL DUMP COMM >5LBS<200LBS OR >5GAL<200CFT - 62050120","HSC","365.012(f)(2)",14,0,17,0,19,0
"ILL DUMP LIGHT LIT/WASTE <500LBS OR <100CFT - 62050004","HSC","365.012(d-1)",4,0,4,0,3,0
"ILL DUMPING < 500LBS - 62050011","HSC","365.012(e)",1,0,2,0,1,0
"ILL DUMPING =>500LBS  COMMERCIAL WEIGHT > 5LBS - 62050009","HSC","365.012(f)",183,0,50,0,28,0
"ILL DUMPING W/PREV CONVIC - 62050010","HSC","365.012(g)",0,0,1,0,0,0
"ILL OPERATION OF SEXUALLY ORIENTED BUSINESS - 72990014","LGC","243.008",16,0,6,0,14,0
"ILLEGAL BARTER/EXPENDITURE OF PROPERTY/FINANCE - 35990202","HSC","481.126(a)(1)(3)",0,0,0,0,2,0
"ILLEGAL BARTER/EXPENDITURE OF PROPERTY/FINANCE - 63000005","HSC","481.126(b)",0,0,1,0,0,0
"ILLEGAL DUMPING +> 500LBS < 1000LBS - 62050067","HSC","365.012(f)",2,0,6,0,3,0
"ILLEGAL DUMPING 1000LBS OR MORE - 62050068","HSC","365.012(g)",40,0,16,0,14,0
"ILLEGAL DUMPING >1000LBS OR >200CFT - 62050121","HSC","365.012(g)(1)",78,0,88,0,140,2
"ILLEGAL DUMPING >5LBS<500LBS OR >5GAL<100CFT - 62050066","HSC","365.012(e)",171,0,261,0,285,0
"ILLEGAL DUMPING COMM >200LBS OR >200CFT - 62050122","HSC","365.012(g)(2)",57,0,74,0,63,1
"ILLEGAL DUMPING COMM WGHT 5LBS <200 LBS - 62050070","HSC","365.012(f)",3,0,0,0,0,0
"ILLEGAL DUMPING COMM WHT/BARREL OR DRUM - 62050069","HSC","365.012(g)",2,0,0,0,0,0
"ILLEGAL DUMPING IN CLOSED BARREL OR DRUM - 62050123","HSC","365.012(g)(3)",0,0,3,0,13,0
"ILLEGAL DUMPING W/PREV CONV - 62050071","HSC","365.012(h)",1,0,1,0,0,0
"ILLEGAL DUMPING W/PREV CONV - 62050072","HSC","365.012(h)",1,0,0,0,0,0
"ILLEGAL ENTRY FROM FOREIGN NATION - 03010001","PC","51.02(b)",0,0,6,1,43,1
"ILLEGAL ENTRY FROM FOREIGN NATION W/PREV CONV - 03010002","PC","51.02(b)",0,0,5,0,5,0
"ILLEGAL REENTRY BY CERTAIN ALIENS - 03010003","PC","51.03(b)",0,0,1,0,3,0
"ILLEGAL REENTRY BY CRTN ALIEN W/PREV FEL CONV - 03010008","PC","51.03(b)(2)",0,0,0,0,1,0
"ILLEGAL REENTRY CERTAIN ALIEN USC REMOVAL CH12 - 03010006","PC","51.03(b)(1)(C)",0,0,0,0,3,0
"ILLEGAL REENTRY CERTAIN ALIENS USC EXCLUSION - 03010005","PC","51.03(b)(1)(B)",0,0,0,0,6,0
"ILLEGAL REENTRY CERTAIN ALIENS W/2+ PREV CONV - 03010004","PC","51.03(b)(1)(A)",0,0,0,0,2,0
"ILLEGAL USE OF CREDIT UNION LABEL - 26070156","VCS","2461-2.07",0,0,1,0,0,0
"ILLEGAL VOTING - 59990067","EC","64.012(b)",2,0,0,0,0,0
"ILLICIT BEVERAGE PROHIBITED - 41040009","ABC","103.01",2,0,5,0,3,0
"ILLUM AIRCRAFT W/LASER POINTER IMPAIR OPERATOR - 70990143","PC","42.14(c)",20,4,27,1,14,2
"IMPAIR/INTERRUPT CRITICAL INFRAST OPERATION - 53990028","GC","424.052(b)",5,0,1,0,2,0
"IMPERSONATE PRIVATE INVEST - 26040033","OC","1702.3876(b)",2,0,3,0,4,0
"IMPERSONATE PUBLIC SERVANT - 26040034","PC","37.11",130,6,126,3,144,5
"IMPERSONATING PUBLIC SERVANT - 26040005","PC","37.11",0,0,2,0,0,0
"IMPERSONATING PUBLIC SERVANT- PEACE OFFICER - 26040006","PC","37.11",22,0,2,0,0,0
"IMPERSONATING SECURITY OFFICER - 26040041","OC","1702.3875",39,0,22,0,32,0
"IMPLEMENTS FOR ESCAPE CORR FACILITY/CUSTODY - 49030008","PC","38.09(b)",2,0,2,0,4,1
"IMPLEMENTS FOR ESCAPE INTRODUCE/PROVIDE - 49030007","PC","38.09(a)",0,0,1,0,0,0
"IMPORTATION OF BEER WITHOUT LICENSE - 41030001","ABC","107.06",1,0,0,0,0,0
"IMPORTING FRESH MEAT W/O LABEL W/PREV CONV - 55110001","AGC","150.003(b)",1,0,0,0,0,0
"IMPROP EXECUTION CAPIAS/ARREST WARRANT BY A PI - 48100001","OC","1702.3867(d)",2,0,2,0,4,0
"IMPROP INFLUENCE - 51990019","PC","36.04",1,0,4,0,0,0
"IMPROP PHOTO/VISUAL RECORD TO AROUSE/GRATIFY - 36990004","PC","21.15",0,1,0,0,0,0
"IMPROPER CONTACT W/VICTIM WHILE CONFINED - 48990018","PC","38.111(d)",6,0,1,0,2,0
"IMPROPER CONTACT WITH VICTIM - 48990017","PC","38.111(d)",1,0,1,0,1,0
"IMPROPER PHOTO/VISUAL RECORDING AROUSE/GRATIFY - 36990010","PC","21.15(B)(1B)",2,0,0,0,0,0
"IMPROPER PHOTO/VISUAL RECORDING W/OUT CONSENT - 36990016","PC","21.15(B)(1A)",5,0,0,0,0,0
"IMPROPER RELATIONSHIP BETWEEN EDUCATOR/STUDENT - 11990008","PC","21.12(a)",95,0,82,0,62,0
"IMPROPER SEXUAL ACTIVITY WITH COMMITTED PERSON - 36990038","PC","39.041(c)",0,0,0,0,4,0
"IMPROPER USE/DISCLOSE/MISREP PERSCRIPTION INFO - 26070303","HSC","481.0769(c)",0,0,0,0,1,0
"INCOMPLETE FILING OF CONTRIB/EXPEND REPORT - 59000024","EC","254.041(a)",0,0,1,0,0,0
"INDCNT ASSLT HEALTH/MENTAL PRVDR PREV CONV IAT - 36230004","PC","22.012(b)(2)",0,0,0,0,1,1
"INDECENCY W/A CHILD EXPOSES - 11990017","PC","21.11(d)",36,2,28,0,17,0
"INDECENCY W/A CHILD EXPOSES - 36140001","PC","21.11(d)",337,41,399,39,478,43
"INDECENCY W/A CHILD EXPOSES - 36990013","PC","21.11(a)(2)",119,4,44,4,29,0
"INDECENCY W/CHILD SEXUAL CONTACT - 11990016","PC","21.11(d)",167,3,160,4,87,1
"INDECENCY W/CHILD SEXUAL CONTACT - 36010005","PC","21.11(d)",1668,318,1772,288,1886,269
"INDECENCY WITH A CHILD EXPOSES - 36010002","PC","21.11(a)(2)",12,1,5,0,3,0
"INDECENCY WITH A CHILD SEXUAL CONTACT - 36010001","PC","21.11(a)(1)",499,57,440,26,171,6
"INDECENT ASSAULT - 36230001","PC","22.012(b)",720,141,780,129,771,147
"INDECENT ASSAULT DISABLED/ELDERLY INDIVIDUAL - 11990024","PC","22.012(b)(3)",0,0,0,0,9,0
"INDECENT ASSAULT HEALTH/MENTAL PROVIDER IAT - 36230003","PC","22.012(b)(1)(B)",0,0,10,0,6,0
"INDECENT ASSAULT PREV CONV IAT - 36230002","PC","22.012(b)(1)(A)",2,0,1,0,6,0
"INDECENT EXPOSURE - 36050001","PC","21.08",446,1,141,2,86,0
"INDECENT EXPOSURE - 36150001","PC","21.08(b)",828,39,1190,62,1405,64
"INDECENT EXPOSURE 2 OR MORE PREV CONV IAT - 36050004","PC","21.08(b)(2)",10,0,96,0,73,0
"INDECENT EXPOSURE CIVILLY COMMITTED PERSON - 36050002","PC","21.08(b)",0,0,6,0,7,0
"INDECENT EXPOSURE CIVILLY COMMITTED PERSON - 36050005","PC","21.08(b)(3)",0,0,0,0,2,0
"INDECENT EXPOSURE W/PREV CONV IAT - 36050003","PC","21.08(b)(1)",18,0,94,0,95,0
"INDUCE ISSUANCE OF FRAUDULENT BILL OF LADING - 26070237","BCC","252.006(b)",0,0,1,0,0,0
"INFLUENCE COMP OF ELECTION JUSTICE PANEL - 50990047","GC","22.304(d)",0,0,0,0,1,0
"INFLUENCE SELECTION OF LOTTERY WINNER <=$10K - 25030006","GC","466.307(a)",0,0,1,0,0,0
"INFLUENCE SELECTION OF LOTTERY WINNER >$10K - 25030007","GC","466.307(a)",1,0,1,0,0,0
"INHALANT PARAHERNALIA W/INT DEL/MAN - 35500044","HSC","485.034",0,0,0,0,1,0
"INHALANT PARAPHERNALIA DEL/SELL INHALENT - 35990183","HSC","485.033",8,0,8,0,4,0
"INHALANT PARAPHERNALIA USE/POSS TO INHALE - 35990182","HSC","485.033",135,0,167,2,185,1
"INJ CHILD RECKLESS/CRIMINAL NEGLECT - 13990008","PC","22.04(a)",3,0,1,3,1,0
"INJ CHILD SBI/MENTAL - 13990002","PC","22.04(a)(1)",41,0,11,0,2,2
"INJ CHILD W/INT BODILY INJ - 13990006","PC","22.04(a)(3)",483,7,78,0,15,0
"INJ CHILD/ELDERLY/DISABLED CRIM NEGLIGENCE - 13990045","PC","22.04(g)",156,8,212,26,229,15
"INJ CHILD/ELDERLY/DISABLED RECKLESS BI - 13990044","PC","22.04(f)",608,43,718,37,816,36
"INJ CHILD/ELDERLY/DISABLED RECKLESS SBI/MENTAL - 13990042","PC","22.04(e)",194,5,196,10,171,8
"INJ CHILD/ELDERLY/DISABLED W/INT BODILY INJ - 13990043","PC","22.04(f)",3940,281,5197,317,5507,285
"INJ CHILD/ELDERLY/DISABLED W/INT SBI/MENTAL - 13990041","PC","22.04(e)",322,18,361,19,374,10
"INJ DISABLED PERSON RECKLESS/CRIMINAL NEGLECT - 13990036","PC","22.04(a)",0,0,0,0,1,0
"INJ DISABLED PERSON SBI/MENTAL - 13990016","PC","22.04(a)(1)",3,0,1,0,0,0
"INJ DISABLED PERSON W/INT BODILY INJ - 13990020","PC","22.04(a)(3)",89,3,41,4,4,1
"INJ ELDERLY PERSON RECKLESS/CRIMINAL NEGLECT - 13990034","PC","22.04(g)",0,0,0,0,1,0
"INJ ELDERLY PERSON SBI/MENTAL - 13990009","PC","22.04(a)(1)",1,0,1,0,0,0
"INJ ELDERLY PERSON W/INT BODILY INJ - 13990013","PC","22.04(a)(3)",657,15,152,12,8,0
"INJ TO A CHILD MENTAL INJ - 13990003","PC","22.04(a)(2)",0,0,2,0,0,2
"INJ TO DISABLED CRIM NEG - 13990022","PC","22.04(a)",1,0,0,0,0,0
"INJ TO ELDERLY CRIM NEG - 13990015","PC","22.04(a)",7,0,2,0,0,0
"INJ TO ELDERLY MENTAL INJ - 13990010","PC","22.04(a)(2)",0,0,0,0,0,2
"INJURY TO CHILD CRIM NEGLIGENCE - 13000021","PC","22.04(a)",0,0,0,0,1,0
"INJURY TO CHILD RECKLESSLY SBI - 13000023","PC","22.04(a)(1-3)",4,0,1,0,0,0
"INJURY TO ELDERLY RECKLESSLY BI - 13000025","PC","22.04(a)(4)",0,1,0,0,1,0
"INJURY TO ELDERLY RECKLESSLY SBI - 13000026","PC","22.04(a)(1-3)",2,0,0,0,0,0
"INSURANCE FRAUD >=$1,500 <$20K - 26070101","PC","35.02(d)(4)",2,0,0,0,0,0
"INSURANCE FRAUD >=$100K <$200 - 26070103","PC","35.02(d)(6)",0,0,1,0,0,0
"INSURANCE FRAUD >=$150K<$300K - 26070270","PC","35.02(c)(6)",2,0,4,0,3,0
"INSURANCE FRAUD >=$2,500<$30K - 26070268","PC","35.02(c)(4)",34,0,51,0,28,0
"INSURANCE FRAUD >=$20K <$100K - 26070102","PC","35.02(d)(5)",1,0,0,0,0,0
"INSURANCE FRAUD >=$300K - 26070271","PC","35.02(c)(7)(A)",1,0,3,0,3,0
"INSURANCE FRAUD >=$30K<$150K - 26070269","PC","35.02(c)(5)",21,0,19,0,26,0
"INSURANCE FRAUD >=$750<$2,500 - 26070267","PC","35.02(c)(3)",3,0,0,0,1,0
"INSURANCE FRAUD W/INT TO DEFRAUD/DECEIVE - 26070265","PC","35.02(d)",5,0,5,0,3,0
"INT BOD INJ CHILD/ELDER/DISABLED STATE FAC EMP - 13990077","PC","22.04(f)",13,0,3,1,14,0
"INT THRT PRD/DST DP FKE COERC/EXTRT/HARAS/INTM - 21990008","PC","21.165(c-1)",0,0,0,0,1,0
"INT/KNOW DISCRIMINATE/DENY MEDICAL SERVICE - 70990077","HSC","311.022(e)",0,0,0,0,1,0
"INTEND TO IMPAIR/INTERRUPT CRITICAL INFRA OPER - 53990030","GC","424.054(b)",0,0,0,0,1,0
"INTENT/KNOW OPERATE GAME ROOM VIOLATION - 39210003","LGC","234.138(b)",88,0,91,0,84,0
"INTENTIONAL/KNOWING UNAUTH DISCHARGE WASTE - 73991032","WC","7.145",11,0,20,0,15,0
"INTERC WIRE/ORAL/ELECTRONIC COMMUNICATION - 57990007","PC","16.02(b)(1)",0,0,1,0,1,0
"INTERF W/ CHILD CUSTODY - 38060010","PC","25.03",56,0,46,0,11,0
"INTERF W/ DUTIES OF PUB SERVANT - 48990001","PC","38.15(a)",153,2,131,1,122,0
"INTERF W/ EMERG COMMUN - 53000003","PC","42.13(a)",3,0,2,0,0,0
"INTERF W/POLICE SERV ANIMAL DEPRIVE HANDLING - 48020003","PC","38.151(b)(3,4,5)",11,0,15,0,11,0
"INTERF W/POLICE SERV ANIMAL KILLING - 48020001","PC","38.151(b)(6,7)",2,0,3,0,7,0
"INTERF W/POLICE SERV ANIMAL THROWS OBJECT - 48020002","PC","38.151(b)(2)",1,0,1,0,1,0
"INTERF W/POLICE SERVIC ANIMAL INJURY - 48020004","PC","38.151(b)(6,7)",11,0,10,0,17,1
"INTERF W/RADIO FREQ INTEND OFF/INTERF RESPONSE - 73991075","PC","38.152(b)(1)(2)",1,3,4,0,5,0
"INTERFER RAILROAD PROPERTY - 71990043","PC","28.07(c)",16,1,14,2,13,1
"INTERFER W/ HEADGATE/WATERBOX W/O AUTHORITY - 71990009","WC","11.083(a)",0,0,0,0,1,0
"INTERFER W/ INV OF HWY RACE/RECK DRIVE - 48990027","TRC","545.4205(b)",3,0,0,0,1,0
"INTERFER W/EMER REQ FOR ASSIST W/PREV CONVIC - 53990011","PC","42.062",44,0,53,1,56,0
"INTERFER W/EMERGENCY REQ FOR ASSISTANCE - 53990010","PC","42.062",4091,73,4184,84,4420,103
"INTERFER W/EMPLOYMENT DISCRIMINATION PROVISION - 56990004","LC","21.004",0,0,1,0,1,0
"INTERFER W/GOVT LICENSED RADIO FREQUENCY - 73991074","PC","38.152(b)",1,0,2,0,7,0
"INTERFER W/PUBLIC DUTIES - 73991084","PC","38.15(b)",3437,216,4103,168,4517,184
"INTERFER W/RIGHTS OF GUARDIAN OR WARD - 70990136","PC","25.1",2,0,3,0,3,0
"INTERFERE RAILROAD PROPERTY >=$100<$750 - 29010002","PC","28.07(e)(1)",6,4,2,0,1,0
"INTERFERE RAILROAD PROPERTY >=$2,500<$30K - 29010004","PC","28.07(e)(3)",3,0,1,0,4,0
"INTERFERE RAILROAD PROPERTY >=$30K<$150K - 29010005","PC","28.07(e)(4)",1,0,0,0,1,0
"INTERFERE RAILROAD PROPERTY >=$750<$2,500 - 29010003","PC","28.07(e)(2)",1,0,2,0,1,0
"INTERFERE W/AUTH ELECTR DEVICE IN RESIDENTS RM - 38990024","HSC","555.162(a)",0,0,1,0,0,0
"INTERFERE W/PERSONAL PROPERTY RETRIEVAL - 50070001","PRC","24A.005(b)",1,0,0,0,0,0
"INTERFERENCE W/INVESTIGATION OF ABUSE/NEGLECT - 38990016","FC","261.3032(b)",7,0,3,0,6,0
"INTERFERENCE WITH CHILD CUSTODY - 38060008","PC","25.03",1,0,0,0,1,0
"INTERFERENCE WITH CHILD CUSTODY - 38990036","PC","25.03(d)",119,0,155,0,131,0
"INTERFERENCE WITH DUTIES OF PUBLIC SERVANT - 48000007","PC","38.18",5,0,0,0,3,0
"INTOX ASSLT CAUSE SBI FIREFIGHT/EMS IAT - 54040034","PC","49.09(b-1)(1)",0,0,1,0,0,0
"INTOX ASSLT CAUSE SBI PEACE OFC/FIREFIGHT/EMS - 54040021","PC","49.09(b-1)",1,0,2,0,1,0
"INTOX ASSLT CAUSE SBI PEACE OFFICER/JUDGE IAT - 54040035","PC","49.09(b-1)(2)",7,0,4,0,4,0
"INTOX ASSLT CAUSES BRAIN INJ VEGETATIVE STATE - 54040015","PC","49.09(b-4)",2,0,3,0,1,0
"INTOX MANSLTR CAUSE DEATH PEACE OFC/FIRE/EMS - 54040031","PC","49.09(b-2)",0,0,2,0,0,0
"INTOX MANSLTR DEATH PEACE OFC/FIRE/EMS/MULTIPL - 54040041","PC","49.09(b-2)",0,0,0,0,1,0
"INTOXICATION ASSAULT W/VEHICLE SBI - 13990024","PC","49.07",45,0,27,0,12,0
"INTOXICATION ASSAULT W/VEHICLE SBI - 54040032","PC","49.07(c)",612,6,608,2,627,5
"INTOXICATION MANSLAUGHTER W/ VEHICLE - 13990025","PC","49.08",36,0,13,0,3,0
"INTOXICATION MANSLAUGHTER W/VEHICLE - 54040033","PC","49.08(b)",216,5,226,0,224,2
"INVALIDATION OF STAMP - 41040016","ABC","28.09(a)(d)",0,0,2,0,3,0
"INVASION OF PRIVACY CLASS C - 57999999","X","CLASS C",6,0,10,0,4,0
"INVASIVE VISUAL RECORDING - 36990028","PC","21.15(c)",299,89,225,73,248,65
"INVASIVE VISUAL RECORDING BATH/DRESS RM - 36990029","PC","21.15(c)",85,118,83,124,134,59
"INVESTIGATE FIRES FOR SAFETY HAZARDS VIOL - 73990590","LGC","352.016",0,0,0,0,1,0
"JUGGING - 23990223","PC","29.04(b)",0,0,0,0,8,0
"JUGGING BURGLARY OF VEHICLE - 23990224","PC","29.04(b)(1)",0,0,0,0,20,0
"JUGGING ROBBERY - 23990225","PC","29.04(b)(2)",0,0,0,0,2,0
"KEEPING A GAMBLING PLACE - 39210002","PC","47.04",200,0,254,0,241,0
"KIDNAPPING - 10000003","PC","20.03(a)",1,0,0,0,1,0
"KIDNAPPING - 10990001","PC","20.03(a)",186,4,120,1,151,7
"KIDNAPPING CLASS C - 10999999","X","CLASS C",0,0,2,0,0,0
"KILLS/ALLOWS KILLED TEMP DET WHITE-TAILED DEER - 62010043","PWC","43.607(c)",4,0,0,0,0,0
"KNOW OPER VEH W/OUT-OF-SERVICE ORDR COL BI IAT - 54990075","TRC","644.151(b-1)(1)",1,0,0,0,0,0
"KNOW OPERATE VEHICLE W/OUT-OF-SERVICE ORDER - 54990074","TRC","644.151(b-1)",17,0,21,0,52,0
"KNOWINGLY ALTERED LICENSE PLATE IAT - 25020014","TRC","504.945(b)",20,0,41,0,44,0
"KNOWINGLY FAIL TO MAKE REQ CHILD ABUSE REPORT - 38060016","FC","261.109(b)",4,0,4,0,14,0
"LEAVE/ABAND/MAIN STRUCT/VESSEL IN WRECK COND - 62050129","NRC","40.251(a)(6)",1,0,6,1,3,1
"LEGAL PROCESS SIMULATING - 26990069","PC","32.48(e)",3,0,2,0,1,0
"LEWD/IMMORAL/INDECENT CONDUCT - 72990013","ABC","104.01",8,2,4,3,21,2
"LIC CAR/EXHI W/O FIN RESP CAUSE SBI/DEATH IAT - 54990037","TRC","521.025(c)(3)",2,0,1,0,0,0
"LICENSE CARRIED/EXHIBITED ON DEMAND 3RD - 54990025","TRC","521.025",11,0,11,0,7,0
"LICENSE PLATE FLIPPER VIOLATION W/PREV CONV - 26990188","TRC","504.947(b)",1,0,0,0,0,0
"LICENSE REQUIRED FOR TATTOO/BODY PIERCING - 55990009","HSC","146.002",0,0,1,0,0,0
"LIQUOR TAX VIOLATION - 61990027","ABC","201.16",17,0,13,0,8,0
"LIQUOR VIOLATION CLASS C - 41999999","X","CLASS C",13980,0,14743,0,14924,0
"LIQUOR-(FREE TEXT) - 41990000","X","X",0,0,0,0,1,0
"MAKE FIREARM ACCESS TO CHILD DEATH/SBI - 52990002","PC","46.13(e)",28,1,30,1,24,2
"MAKE/POSS CFT INSP RPT/INS DOC INTD HRM/DFRAUD - 25990020","TRC","548.603(d)",2,0,8,0,8,0
"MAKE/POSS COUNTERFEIT VEH INSP REPORT/INS DOC - 25990019","TRC","548.603(d)",4,0,4,1,14,1
"MAKE/POSS/COUNTERFEIT INSP CERT/INS DOC - 26990080","TRC","548.603(b)",0,0,2,0,12,0
"MAKE/POSS/COUNTERFEIT INSP CERT/INS DOC W/INT - 26990081","TRC","548.603(b)",0,0,0,0,1,0
"MAKE/SALE/CIRCULATE COUNTERFEIT TAX PYMT CERT - 25050001","TC","159.202(a)(1)",0,0,0,0,1,0
"MAN DEL CS NOT IN PG DFZ IAT 481.119 - 35990234","HSC","481.134(e)",0,0,3,0,2,1
"MAN DEL CS PG 1 <1G USE CHILD 481.112 - 35990260","HSC","481.140(a)",2,2,2,0,0,0
"MAN DEL CS PG 1 >=1G<4G USE CHILD 481.112 - 35990266","HSC","481.140(a)",3,0,1,1,6,0
"MAN DEL CS PG 1-B <1G - 35990242","HSC","481.1123(b)",169,4,24,0,11,0
"MAN DEL CS PG 1-B <1G - 35990280","HSC","481.1123(b)",28,2,136,4,132,0
"MAN DEL CS PG 1-B <1G DFZ HE IAT 481.1123 - 35990253","HSC","481.134(b)",21,0,0,0,1,0
"MAN DEL CS PG 1-B <1G USE CHILD 481.1123 - 35990255","HSC","481.140(a)",1,0,1,0,1,0
"MAN DEL CS PG 1-B >=1G<4G - 35990243","HSC","481.1123(c)",336,2,328,3,364,0
"MAN DEL CS PG 1-B >=1G<4G DFZ HE IAT 481.1123 - 35990254","HSC","481.134(b)",31,1,1,0,1,0
"MAN DEL CS PG 1-B >=1G<4G USE CHILD 481.1123 - 35990256","HSC","481.140(a)",2,0,3,0,1,0
"MAN DEL CS PG 1-B >=200<400G - 35990245","HSC","481.1123(e)",81,1,5,0,6,0
"MAN DEL CS PG 1-B >=200<400G - 35990282","HSC","481.1123(e)",27,0,120,0,126,4
"MAN DEL CS PG 1-B >=400G - 35990246","HSC","481.1123(f)",190,2,25,0,9,0
"MAN DEL CS PG 1-B >=400G - 35990283","HSC","481.1123(f)",22,0,218,0,203,1
"MAN DEL CS PG 1-B >=4G<200G - 35990244","HSC","481.1123(d)",955,4,106,1,58,0
"MAN DEL CS PG 1-B >=4G<200G - 35990281","HSC","481.1123(d)",293,2,1234,8,1327,2
"MAN DEL CS PG 1A >= 80AU - 35990206","HSC","481.1121 (b)(3)",3,0,0,0,0,0
"MAN DEL CS PG 1A >=20<80AU USE CHILD 481.1121 - 35990267","HSC","481.140(a)",1,0,1,0,1,0
"MAN DEL CS PG 2/2-A >=1G<4G USE CHILD 481.113 - 35990268","HSC","481.140(a)",1,0,3,0,1,2
"MAN DEL CS PG 3/4 >=28G<200G USE CHILD 481.114 - 35990269","HSC","481.140(a)",0,0,0,0,1,0
"MAN DEL CS PG 3/4 USE OF CHILD - 35990175","HSC","481.14",1,0,0,0,0,0
"MAN DEL CS PG1 <1G DFZ IAT 481.112 - 35990228","HSC","481.134(d)",51,4,70,4,112,1
"MAN DEL CS PG1-A AU <20 DFZ IAT 481.1121 - 35990237","HSC","481.134(d)",0,0,4,1,3,1
"MAN DEL CS PG2/2-A <1G DFZ IAT 481.113 - 35990229","HSC","481.134(d)",12,18,10,19,7,16
"MAN DEL CS PG2/2-A <1G USE CHILD 481.113 - 35990262","HSC","481.140(a)",0,0,1,0,0,2
"MAN DEL CS PG3/4 <28G DFZ IAT 481.114 - 35990230","HSC","481.134(d)",24,1,18,0,26,0
"MAN SALE/POSS/USE CNTRFT/ALT DISABLE PLACARD - 25020013","TRC","681.0111",6,0,2,0,7,0
"MAN W/INT SELL OF COUNTERFEIT INSTRUMENT - 25020012","TRC","521.456",0,0,1,0,0,0
"MAN/DEL CS ANALOGUE PG 1 < 1 G - 35990034","HSC","481.123(c)",1,0,0,0,2,0
"MAN/DEL CS ANALOGUE PG 1 >= 1G < 4G - 35990035","HSC","481.123(c)",7,0,4,0,2,0
"MAN/DEL CS ANALOGUE PG 1 >= 200G < 400  G - 35990037","HSC","481.123(c)",2,0,1,0,3,0
"MAN/DEL CS ANALOGUE PG 1 >= 400 G - 35990038","HSC","481.123(c)",0,0,1,0,8,0
"MAN/DEL CS ANALOGUE PG 1 >= 4G < 200G - 35990036","HSC","481.123(c)",64,0,47,0,12,0
"MAN/DEL CS ANALOGUE PG 2 < 1G - 35990045","HSC","481.123(e)",0,0,1,0,0,0
"MAN/DEL CS ANALOGUE PG 2 >= 1G < 4G - 35990046","HSC","481.123(e)",1,0,0,0,0,0
"MAN/DEL CS ANALOGUE PG 2 >= 400G - 35990048","HSC","481.123(e)",3,0,1,0,6,0
"MAN/DEL CS ANALOGUE PG 2 >= 4G <400G - 35990047","HSC","481.123(e)",9,0,1,0,2,0
"MAN/DEL CS CAUSE DEATH OR SBI IAT - 35990054","HSC","481.141(b)",75,4,65,6,38,1
"MAN/DEL CS NOT IN PG - 35990031","HSC","481.119(a)",5,1,4,0,9,1
"MAN/DEL CS PG 1 < 1 G - 35990001","HSC","481.112(b)",654,5,761,10,830,4
"MAN/DEL CS PG 1 < 1G DRUG FREE ZONE - 35990124","HSC","481.112(b)",0,1,3,0,3,0
"MAN/DEL CS PG 1 >= 1G < 4G - 35990002","HSC","481.112(c)",1391,8,1566,11,1602,7
"MAN/DEL CS PG 1 >= 1G DRUG FREE ZONE - 35990163","HSC","481.134(b)",0,0,1,0,1,0
"MAN/DEL CS PG 1 >= 200G < 400G - 35990004","HSC","481.112(e)",243,2,46,0,14,0
"MAN/DEL CS PG 1 >= 200G < 400G - 35990275","HSC","481.112(e)",45,1,263,0,289,1
"MAN/DEL CS PG 1 >= 400G - 35990005","HSC","481.112(f)",462,4,80,1,37,1
"MAN/DEL CS PG 1 >= 400G - 35990276","HSC","481.112(f)",112,0,515,5,608,2
"MAN/DEL CS PG 1 >= 4G < 200G - 35990003","HSC","481.112(d)",5647,21,5685,15,5599,11
"MAN/DEL CS PG 1-A <20AU - 35990134","HSC","481.112(b)(1)",31,4,7,5,4,25
"MAN/DEL CS PG 1-A <20AU - 35990277","HSC","481.1121(b)(1)",3,0,9,0,21,1
"MAN/DEL CS PG 1-A >=20AU - 35990135","HSC","481.1121(b)(2)",25,0,1,0,0,0
"MAN/DEL CS PG 1-A >=20AU<80AU - 35990278","HSC","481.1121(b)(2)",4,0,5,1,8,0
"MAN/DEL CS PG 1-A >=4000AU - 35990137","HSC","481.1121(b)(4)",4,0,0,0,0,0
"MAN/DEL CS PG 1-A >=4000AU - 35990279","HSC","481.1121(b)(4)",5,0,8,0,3,0
"MAN/DEL CS PG 1>1G DRUG FREE ZONE - 35990156","HSC","481.134(c)",5,0,5,0,1,0
"MAN/DEL CS PG 1A >=80<4,000AU - 35990136","HSC","481.1121(b)(3)",20,0,20,0,18,0
"MAN/DEL CS PG 2 < 1G DRUG FREE ZONE - 35990125","HSC","481.113(b)",1,3,2,1,0,0
"MAN/DEL CS PG 2 OR 2-A < 1G - 35990006","HSC","481.113(b)",96,40,62,22,70,23
"MAN/DEL CS PG 2 OR 2-A >= 1G < 4G - 35990007","HSC","481.113(c)",276,24,223,27,224,31
"MAN/DEL CS PG 2 OR 2-A >= 400G - 35990009","HSC","481.113(e)",274,7,38,1,21,0
"MAN/DEL CS PG 2 OR 2-A >= 400G - 35990284","HSC","481.113(e)",63,6,290,5,262,8
"MAN/DEL CS PG 2 OR 2-A >= 4G <400G - 35990008","HSC","481.113(d)",1679,75,1525,94,1563,79
"MAN/DEL CS PG 2>1G DRUG FREE ZONE - 35990157","HSC","481.134(c)",0,0,1,0,0,0
"MAN/DEL CS PG 3/4 < 28G - 35990010","HSC","481.114(b)",469,9,437,20,459,8
"MAN/DEL CS PG 3/4 < 28G DRUG FREE ZONE - 35990126","HSC","481.114(b)",4,0,2,0,0,0
"MAN/DEL CS PG 3/4 >= 400G - 35990013","HSC","481.114(e)",45,1,10,0,1,1
"MAN/DEL CS PG 3/4 >= 400G - 35990285","HSC","481.114(e)",10,0,48,0,49,2
"MAN/DEL CS PG 3/4 >=200G < 400G - 35990012","HSC","481.114(d)",47,1,24,0,49,0
"MAN/DEL CS PG 3/4 >=28G <200G - 35990011","HSC","481.114(c)",167,1,141,5,162,4
"MAN/DEL CS PG 3/4>28G DRUG FREE ZONE - 35990158","HSC","481.134(c)",0,0,1,0,0,0
"MAN/DEL SIM CS REPRESENT SUB TO BE A CS - 35000068","HSC","482.002(a)(1)",1,0,0,0,0,0
"MAN/DEL SIM CS REPRESENT SUB TO BE A CS - 35990073","HSC","482.002(a)(1)",34,1,21,1,37,1
"MAN/DEL SIM CS REPREST TO BE CS MISLEAD PERS - 35990074","HSC","482.002(a)(2)",0,0,3,0,0,0
"MAN/PRODUCE FORGED/COUNTERFEIT INST - 25990013","TRC","521.4565(c)",2,0,0,0,1,2
"MAN/SELL DECEPTIVELY SIMILAR LIC PLATE - 26990186","TRC","504.946(e)(1)",0,0,2,0,0,0
"MAN/SELL DECEPTIVELY SIMILAR REGIST INSIGNIA - 26990184","TRC","502.4755(e)(1)",0,0,2,0,1,0
"MANAGE WILDLIFE/EXOTIC ANIM AIRCRAFT VIOLATION - 62990061","PWC","43.111",1,0,1,0,0,0
"MANSLAUGHTER - 09090001","PC","19.04(a)",3,0,12,0,8,0
"MANSLAUGHTER - 09990017","PC","19.04",148,16,60,2,28,1
"MANSLAUGHTER - 09990033","PC","19.04(b)",27,1,146,9,156,9
"MANUF/DEL/POSSESS CONTROLLED SUBSTANCE <28G - 35000010","HSC","481.112(b)",1,0,3,0,0,0
"MANUF/SELL FISH SHOCKING DEVICE >TWO PREV CONV - 52140001","PWC","66.004(b)",1,0,0,0,0,0
"MASSAGE PARLOR INTENTION VIOLATE REGULATION - 73991086","LGC","234.105(b)",0,0,1,0,0,0
"MASSAGE THERAPY LICENSE/OWNER VIOLATION - 73990614","OC","455.352(a-1)(b)",23,0,53,0,38,0
"MASSAGE THERAPY LICENSE/OWNER W/1-2 PREV CONV - 73990615","OC","455.352(a-1)(b)(e)",1,0,0,0,0,0
"MATERIAL WITNESS CLASS C - 17999999","X","CLASS C",0,0,6,0,5,0
"MEDICAID FRAUD =>$1500<$20K - 26070208","PC","35A.02(b)(4)",0,0,1,0,2,0
"MEDICAID FRAUD =>$200K - 26070209","PC","35A.02(b)(7)",0,0,1,0,0,0
"MEDICAID FRAUD =>$20K<$100K - 26070210","PC","35A.02(b)(5)",2,0,0,0,0,0
"MEDICAID FRAUD > 25 < 50 CLAIMS IAT - 26070249","PC","35A.02(b)(5)(B)",0,0,2,0,0,0
"MEDICAID FRAUD >= $20K < $100K - 26070248","PC","35A.02(b)(5)(A)",0,0,2,0,0,0
"MEDICAID FRAUD >= $30K < $150K - 26070275","PC","35A.02(b)(5)(A)",2,0,3,0,0,0
"MEDICAID FRAUD >=$100<$750 - 26070272","PC","35A.02(b)(2)",0,0,2,0,0,0
"MEDICAID FRAUD >=$2,500<$30K - 26070274","PC","35A.02(b)(4)(A)",1,0,11,0,1,0
"MEDICAID FRAUD >=$300K - 26070277","PC","35A.02(b)(7)",0,0,0,0,1,0
"MEDICAID FRAUD >=$750<$2,500 - 26070273","PC","35A.02(b)(3)",0,0,1,0,0,0
"MEDICAL PRACTICE ACT - 73990474","OC","165.151",0,0,4,0,4,0
"MEDICAL PRACTICE ACT W/FINANCIAL HARM - 73990477","OC","165.153",0,0,2,0,1,0
"MEDICAL PRACTICE ACT W/PHYSICAL HARM - 73990476","OC","165.153",1,0,9,0,10,0
"MESSAGE THERAPY LICENSE REQUIRED - 73990631","OC","455.151(a)",1,0,0,0,0,0
"MISAPP FIDUC/FINAN INSTIT PROP ELDERLY - 26990142","PC","32.45(c)(3-7)",2,0,1,0,0,0
"MISAPP FIDUC/FINAN PROP >=$100<$750 - 26990214","PC","32.45(c)(2)",0,0,1,0,0,0
"MISAPP FIDUC/FINAN PROP >=$100<$750 ENH IAT - 26990227","PC","32.45(d)",0,0,0,0,2,0
"MISAPP FIDUC/FINAN PROP >=$100K<$200K - 26990033","PC","32.45(c)(6)",2,0,0,0,0,0
"MISAPP FIDUC/FINAN PROP >=$150K<$300K - 26990218","PC","32.45(c)(6)",5,0,7,0,14,0
"MISAPP FIDUC/FINAN PROP >=$150K<$300K ENH IAT - 26990231","PC","32.45(d)",1,0,1,0,4,0
"MISAPP FIDUC/FINAN PROP >=$2,500<$30K - 26990216","PC","32.45(c)(4)",34,0,27,0,42,0
"MISAPP FIDUC/FINAN PROP >=$2,500<$30K ENH IAT - 26990229","PC","32.45(d)",4,0,8,0,3,0
"MISAPP FIDUC/FINAN PROP >=$30K<$150K - 26990217","PC","32.45(c)(5)",26,0,26,0,45,0
"MISAPP FIDUC/FINAN PROP >=$30K<$150K ENH IAT - 26990230","PC","32.45(d)",4,0,1,0,3,0
"MISAPP FIDUC/FINAN PROP >=$750<$2,500 - 26990215","PC","32.45(c)(3)",3,0,6,0,4,0
"MISAPP FIDUC/FINAN PROP>=$20K<$100K - 26990032","PC","32.45(c)(5)",1,0,1,0,1,0
"MISAPP FIDUC/FINAN PROP>=$300K - 26990219","PC","32.45(c)(7)",13,0,10,0,16,0
"MISAPP FIDUC/FINAN PROP>=$500<$1,500 - 26990030","PC","32.45(c)(3)",1,0,0,0,0,0
"MISAPP FIDUC/FINANCE PROP >=$1,500<$20K - 26990031","PC","32.45(c)(4)",3,0,2,0,1,0
"MISAPP FIDUC/FINANCIAL INSTIT PROP >=$200<$10K - 26000068","PC","32.45(c)(2)",0,0,0,0,1,0
"MISAPP TRUST FUND >=$500 - 26990117","PRC","162.032(a)",1,0,1,0,1,0
"MISAPP TRUST FUND >=$500 DEFRAUD - 26990116","PRC","162.032(b)",24,0,35,0,23,0
"MISAPPLICATION TRUST FUND >=$500 DEFRAUD - 26000019","PRC","162.032(a)",0,0,1,0,0,0
"MISREPRESENT AGE BY A MINOR 3RD ENH IAT - 41990011","ABC","106.071(c)",0,0,2,0,0,0
"MISREPRESENT IDENTITY/CANDIDATE - 26040004","EC","255.005(a)",0,0,3,0,0,0
"MISREPRESENT POLICY TERMS - 25890010","IC","21.21A(3)",1,0,0,0,0,0
"MISREPRESENTATION OF AGE BY A MINOR - 41990017","ABC","106.07",1,0,2,0,1,0
"MISUSE INFO BY CRIME STOPPER EMPLOYEE - 57000021","GC","414.009",1,0,0,0,0,0
"MISUSE INSIGNIA/IDENTIFICATION APPRAISAL - 26040050","OC","1103.554(b)",1,0,0,0,0,0
"MISUSE OF OFFICIAL INFORMATION - 73990166","PC","39.03",0,0,2,0,1,0
"MISUSE OF OFFICIAL INFORMATION - 73990369","PC","39.06(a)(1-2)",1,0,1,0,1,0
"MISUSE OF OFFICIAL INFORMATION - 73991103","PC","39.06(e)",6,0,9,0,7,0
"MODIFICATION OF ORDER ON CONV FOR FAMILY VIOL - 13990039","FC","156.1045",0,0,1,0,0,0
"MONEY LAUNDERING >= $20K < $100K - 26990052","PC","34.02(a)",0,0,0,0,1,0
"MONEY LAUNDERING >=$100K<$200K - 26990152","PC","34.02(e)(3)",0,0,0,0,2,0
"MONEY LAUNDERING >=$1500<$20K - 26990153","PC","34.02(e)(1)",2,0,2,0,2,0
"MONEY LAUNDERING >=$150K<$300K - 63000003","PC","34.02(e)(3)",26,0,25,0,28,0
"MONEY LAUNDERING >=$2,500<$30K - 63000001","PC","34.02(e)(1)",283,0,248,2,229,2
"MONEY LAUNDERING >=$20K<$100K - 26990155","PC","34.02(e)(2)",2,0,1,0,2,0
"MONEY LAUNDERING >=$300K - 63000004","PC","34.02(e)(4)",24,0,81,0,58,0
"MONEY LAUNDERING >=$30K<$150K - 63000002","PC","34.02(e)(2)",129,0,167,0,154,0
"MONEY LAUNDERING CLASS C - 63999999","X","CLASS C",0,0,1,0,0,0
"MONEY SERVICES ACT VIOLATION - 26070214","FNC","151.708",38,0,13,0,3,0
"MORALS AND DECENCY CLASS C - 72999999","X","CLASS C",469,0,466,0,448,0
"MOTOR FUEL CONCEAL/TRANSP/SURRENDER VEH - 54020001","TC","153.403(16-19)",0,0,1,0,0,0
"MOTOR FUEL REGULATIONS VIOLATION - 73991091","OC","2310.209(d)",0,0,0,0,1,0
"MOTOR FUEL TAXES - 26070011","TC","153.403",1,0,0,0,0,0
"MOTOR VEHICLE/TRANSPORTATION REGULATION - 73990651","OC","2302.353(c)",0,0,1,0,2,0
"MOVE ANIM/COMMODITY TO ST FROM QUAR W/PREV IAT - 55990062","AGC","167.133(c)",0,0,0,0,1,0
"MUNICIPAL JOINT BOARD PERM GROUND TRANSPORT - 71990042","TRC","22.0815",5,0,20,0,39,0
"MURDER - 09990019","PC","19.02(b)(1)",91,0,51,0,25,0
"MURDER - 09990030","PC","19.02(c)",1182,86,1117,79,1034,74
"MURDER INTENDS SBI CAUSING DEATH - 09000002","PC","19.02(a)(2)",0,1,0,0,0,0
"MURDER INTENTIONALLY CAUSE DEATH - 09990001","PC","19.02(b)(1)",0,0,0,1,1,0
"MURDER INTENTIONALLY CAUSES DEATH - 09000001","PC","19.02(a)(1)",4,0,4,0,1,0
"MURDER OF INDIVIDUAL UNDER AGE 6 - 09000013","PC","19.03(a)(8)",0,0,0,0,1,0
"MURDER UNDER INFLUENCE OF SUDDEN PASSION - 09990021","PC","19.02(d)",1,0,2,0,1,0
"MURDER WHILE COMMITTING FELONY/PASSION - 09990006","PC","19.02(b)(3)",0,0,1,0,0,0
"MUST DISPLAY PERMIT - 41040032","ABC","11.04",0,0,1,0,0,0
"NONREPAIRABLE AND SALVAGE MOTOR VEHICLE VIOL - 73990248","TRC","501.157(b)",102,0,158,0,258,0
"NONREPAIRABLE MOTOR VEHICLE W/2+ PREV CONV IAT - 26990200","TRC","501.109(e)(2)",0,0,0,0,1,0
"NONREPAIRABLE MOTOR VEHICLE W/PREV CONV IAT - 26990199","TRC","501.109(e)(1)",0,0,0,0,1,0
"NURSING REGULATIONS - 73990491","OC","301.554",1,0,2,0,7,0
"OBSCENE PROMOTE/PRODUCE/DIRECT - 37040005","PC","43.23(c)",1,0,0,0,2,1
"OBSCENE PROMOTE/PRODUCE/DIRECT - 37990002","PC","43.23(d)",6,2,5,1,10,0
"OBSCENE WHOLESALE PROM W/DEVIAN SEX ACT <18YOA - 37040004","PC","43.23(a)",1,0,0,0,0,0
"OBSCENE WHOLESALE PROMOTION - 37040003","PC","43.23(a)",0,0,1,0,1,0
"OBSCENE WHOLESALE PROMOTION - 37050003","PC","43.23(b)",1,0,0,1,4,0
"OBSCENITY  PARTIC  PROMOTION/PERFORMANCE - 37000001","PC","43.23(c)",1,0,1,0,0,0
"OBSCENITY WHOLESALE PROMOTION - 37020001","PC","43.23(a)",0,0,1,0,0,0
"OBSCENITY WHOLESELL PROMOTION - 37990001","PC","43.23(a)",0,0,0,0,1,0
"OBSCENTITY CLASS C - 37999999","X","CLASS C",4,0,7,0,8,0
"OBSTRUCT HWY PSGWAY - 53070004","PC","42.03(c)",494,6,644,7,803,5
"OBSTRUCT HWY PSGWAY FOR EMERG VEH/HOSP - 53070005","PC","42.03(c)",8,1,1,0,1,0
"OBSTRUCT HWY PSGWAY FOR EMERG VEH/HOSP - 53070006","PC","42.03(c-1)",0,0,1,0,1,0
"OBSTRUCT HWY PSGWAY RECK DRIVE - 54990078","PC","42.03(d)",19,2,24,0,32,0
"OBSTRUCT HWY PSGWAY RECK DRIVE/PREV/INTOX/SBI - 54990079","PC","42.03(e)",3,0,1,0,2,0
"OBSTRUCT POLICE CLASS C - 48999999","X","CLASS C",139,0,129,0,130,0
"OBSTRUCT/RETALIAT WEB ADD/PHN BOD INJ PUB SERV - 50990042","PC","36.06(c)(2)",12,2,39,1,14,2
"OBSTRUCTING HIGHWAY PASSAGEWAY - 53070001","PC","42.03",105,3,67,0,18,0
"OBSTRUCTION OF JUSTICE CLASS C - 50999999","X","CLASS C",608,0,637,0,597,0
"OBSTRUCTION OR RETALIATION - 13990026","PC","36.06(c)",291,12,159,8,55,1
"OBSTRUCTION OR RETALIATION - 50990041","PC","36.06(c)",2152,135,2444,147,2370,142
"OBSTRUCTION OR RETALIATION AGAINST JUROR - 13990040","PC","36.06(c)",8,0,12,0,9,0
"OBSTRUCTION OR RETALIATION AGAINST JUROR - 50990040","PC","36.06(c)(1)",2,0,4,0,3,0
"OFFERING GIFT TO PUBLIC SERVANT - 51020003","PC","36.09",1,1,1,0,0,0
"OFFICIAL OPPR:INTENT IMPAIR ACCURACY PEIMS RPT - 56990009","PC","39.03(d)",0,0,0,0,1,0
"OFFICIAL OPPRESSION - 50000004","PC","39.02",0,0,0,0,1,0
"OFFICIAL OPPRESSION - 56990008","PC","39.03(d)",44,0,43,0,54,0
"OFFICIAL OPPRESSION - 70990043","PC","39.03(a)",2,0,5,0,4,0
"OIL/GAS WASTE HAULING VIOLATION - 62050091","WC","29.046",0,0,0,0,8,0
"ONLINE IMPERSONATION-EMAIL/MESS W/IDENT INFOR - 53090004","PC","33.07(b)",5,2,13,7,16,2
"ONLINE IMPERSONATION-NAME/PERSONA CREATE PAGE - 53090003","PC","33.07(a)",33,10,39,13,39,5
"ONLINE IMPERSONATION-W/IDENT INFO SOLICIT EMS - 53090005","PC","33.07(c)",3,1,2,0,4,3
"ONLINE PROMOTION PROSTITUTION - 40020011","PC","43.031(b)",6,0,17,0,18,0
"ONLINE PROMOTION PROSTITUTION PERSON <18YOA - 40020013","PC","43.031(b)(2)",3,0,0,0,1,0
"ONLINE SOLICIT MINOR TO AROUSE/GRATIFY - 36990017","PC","33.021",0,0,0,0,1,0
"ONLINE SOLICIT MINOR TO MEET W/INT SEX/CONTACT - 36990018","PC","33.021(C)",8,0,4,0,0,0
"ONLINE SOLICIT MINOR UNDER 14Y0A - 36990019","PC","33.021",8,0,2,0,2,0
"ONLINE SOLICIT OF A MINOR - 36990022","PC","33.021(b)",43,0,54,0,23,0
"ONLINE SOLICIT OF A MINOR - 64080001","PC","33.021(b)",197,0,250,0,332,0
"ONLINE SOLICIT OF A MINOR SEXUAL CONDUCT - 36990024","PC","33.021(c)",48,0,46,0,17,0
"ONLINE SOLICIT OF A MINOR SEXUAL CONDUCT - 64080002","PC","33.021(c)",147,0,216,0,281,0
"ONLINE SOLICITATION OF A  MINOR UNDER 14 - 64080003","PC","33.021(f)",62,0,96,0,113,2
"ONLINE SOLICITATION OF A MINOR UNDER 14 - 36990023","PC","33.021(f)",23,0,13,0,13,0
"OP OF MOTOR VEHICLE REG SUSP W/PREV CONV IAT - 54990070","TRC","601.371(d)",2,0,3,0,1,2
"OP OF MOTOR VEHICLE REG SUSPENDED - 54990046","TRC","601.371(c)",2,0,3,0,4,0
"OP OF MOTOR VEHICLE REG SUSPENDED - 54990057","TRC","601.371",2,0,1,0,1,0
"OPEN CONTAINERS PROHIBITED - PACKAGE STORE - 41040026","ABC","22.1",3,0,2,0,4,0
"OPEN CONTAINTERS PROH - WINE PACKAGE STORE - 41040015","ABC","24.09",8,0,3,0,0,0
"OPER BOARDING HOUSE W/O COUNTY/MUNIC PERMIT - 73991108","HSC","260.0051(b)",15,0,13,0,22,0
"OPER FOOD/DRUG/COSMETIC SALVAGE OPER W/O LIC - 73990176","HSC","432.019(a)",0,0,1,0,1,0
"OPER MTR VEH TO HAUL CITRUS FRUIT W/O ID SIGNS - 54000005","AGC","102.104(a)(1)",0,0,1,0,0,0
"OPER SECURITY COMPANY W/O LICENSE - 73991010","VCS","4413(29bb)13(a)",10,0,16,0,20,0
"OPERATE A SPECIAL CARE FACILITY W/O LICENSE - 73990181","HSC","248.055",1,0,0,0,0,0
"OPERATE ASSISTED LIVING FACILITY W/OUT LICENSE - 55990121","HSC","247.0441(b)",0,0,0,0,1,0
"OPERATE BOAT/MOTOR W/O PAY REQUIRED TAX - 61020020","TC","160.061",1,0,0,0,0,0
"OPERATE CHILD CARE FACILITY W/O LICENSE - 26990273","HRC","42.076(a)",0,0,1,0,1,0
"OPERATE DAY-CARE W/O DIRECTOR OR INTERIM DIR - 55990115","HRC","42.0761(b)",0,0,0,0,1,0
"OPERATE DENTAL LAB W/O LICENSE ENH - 73990184","VCS","4551f(7)(c)",0,1,0,0,0,0
"OPERATE MOTOR VEHICLE W/O FINANCIAL RESPONSIBI - 54990010","TRC","601.195(b)",127,0,90,0,70,0
"OPERATE UNMANNED AIRCRAFT OVER CAPITOL COMPLEX - 53990024","GC","411.065(b)",0,0,1,0,0,0
"OPERATE UNMANNED AIRCRAFT: CORR/DET/CRITCL FAC - 53990022","GC","423.0045(d)",1,0,0,0,0,0
"OPERATION OF STASH HOUSE - 64110038","PC","20.07(b)",0,0,35,1,15,19
"OPERATION OF STASH HOUSE - 73990717","PC","20.07(b)",84,2,11,0,5,0
"OPERATION OF STASH HOUSE: KNOW USE OF PROPERTY - 64110039","PC","20.07(b)(1)",0,0,0,0,3,0
"OPERATION VESSEL WHILE INTOXICATED - 54040007","PWC","31.097(b)",0,0,3,0,0,0
"OPERATION VESSEL WHILE INTOXICATED ENH - 54040008","PWC","31.097(d)",0,0,0,0,1,0
"ORGANIZED CRIM ACTIVITY - TEMPORARY TAG - 26990168","TRC","503.094(d)(4)",6,0,3,3,4,0
"ORGANIZED RETAIL THEFT < $50 - 23990170","PC","31.16(c)(1)",0,0,1,0,0,0
"ORGANIZED RETAIL THEFT <$100 - 23030024","PC","31.16(d)(1)",0,0,0,0,30,3
"ORGANIZED RETAIL THEFT >$100 ENH IAT - 23030007","PC","31.16(d)",7,0,0,0,9,6
"ORGANIZED RETAIL THEFT >= $1500 < $20K - 23990173","PC","31.16(c)(4)",1,0,0,0,0,0
"ORGANIZED RETAIL THEFT >= $50 < $500 - 23990171","PC","31.16(c)(2)",0,0,1,0,1,0
"ORGANIZED RETAIL THEFT >= $500 < $1500 - 23990172","PC","31.16(c)(3)",3,0,0,0,0,0
"ORGANIZED RETAIL THEFT >=$100<$750 - 23030001","PC","31.16(c)(2)",74,11,109,16,63,20
"ORGANIZED RETAIL THEFT >=$100<$750 - 23030013","PC","31.16(b)(1)",16,7,24,6,2,8
"ORGANIZED RETAIL THEFT >=$100<$750 - 23030025","PC","31.16(d)(2)",0,0,0,0,120,27
"ORGANIZED RETAIL THEFT >=$100<$750 ENH IAT - 23030008","PC","31.16(d)",6,0,8,0,5,2
"ORGANIZED RETAIL THEFT >=$100<$750 ENH IAT - 23030019","PC","31.16(c)",8,2,4,0,3,0
"ORGANIZED RETAIL THEFT >=$150K<$300K - 23030005","PC","31.16(c)(6)",1,0,0,0,0,0
"ORGANIZED RETAIL THEFT >=$2,500<$30K - 23030003","PC","31.16(c)(4)",42,1,42,0,41,1
"ORGANIZED RETAIL THEFT >=$2,500<$30K - 23030015","PC","31.16(b)(3)",16,2,9,1,4,1
"ORGANIZED RETAIL THEFT >=$2,500<$30K - 23030027","PC","31.16(d)(4)",0,0,0,0,77,3
"ORGANIZED RETAIL THEFT >=$2,500<$30K ENH IAT - 23030010","PC","31.16(d)",6,0,8,0,10,0
"ORGANIZED RETAIL THEFT >=$2,500<$30K ENH IAT - 23030021","PC","31.16(c)",0,0,3,0,1,0
"ORGANIZED RETAIL THEFT >=$300K - 23030006","PC","31.16(c)(7)",1,0,0,0,0,0
"ORGANIZED RETAIL THEFT >=$30K<$150K - 23030004","PC","31.16(c)(5)",9,0,3,0,5,0
"ORGANIZED RETAIL THEFT >=$30K<$150K - 23030016","PC","31.16(b)(4)",1,0,2,0,1,0
"ORGANIZED RETAIL THEFT >=$30K<$150K - 23030028","PC","31.16(d)(5)",0,0,0,0,4,0
"ORGANIZED RETAIL THEFT >=$30K<$150K ENH IAT - 23030011","PC","31.16(d)",0,0,1,0,1,0
"ORGANIZED RETAIL THEFT >=$750<$2,500 - 23030002","PC","31.16(c)(3)",43,4,51,2,46,3
"ORGANIZED RETAIL THEFT >=$750<$2,500 - 23030014","PC","31.16(b)(2)",21,1,14,2,9,0
"ORGANIZED RETAIL THEFT >=$750<$2,500 - 23030026","PC","31.16(d)(3)",0,0,0,0,110,11
"ORGANIZED RETAIL THEFT >=$750<$2,500 ENH IAT - 23030009","PC","31.16(d)",12,0,13,0,12,0
"ORGANIZED RETAIL THEFT >=$750<$2,500 ENH IAT - 23030020","PC","31.16(c)",3,0,1,0,0,0
"OTHER ELECTION OFFENSES - 59990103","EC","276.014(b)",1,0,0,0,0,0
"OUT OF STATE PAROLE TRANSFER - 00050000","X","X",681,1,764,1,531,0
"OUT OF STATE PROBATION TRANSFER - 00040000","X","X",2192,4,2512,0,2047,0
"OUT-OF-STATE WINE SHIPPER PERMIT 2ND VIOL - 41030005","ABC","54.12",1,0,0,0,0,0
"OUTDOOR BURNING OF WASTE 2ND - 73991087","WC","7.187(b)(2)",2,0,7,0,2,0
"OUTDOOR BURNING OF WASTE TOXIC MATERIAL - 73991088","WC","7.187(b)(3)",7,0,5,0,19,0
"OWNER/OPER/EMP GROUP/NURSE W/INT BOD INJ - 13990064","PC","22.04(f)",2,0,2,0,3,0
"OWNER/OPERATOR/EMP GROUP/NURSE RECKLESS - 13990067","PC","22.04(e)",0,1,2,0,0,0
"OWNER/OPERATOR/EMP GROUP/NURSE W/INT VIOL - 13990069","PC","22.04(e)",0,0,2,0,0,0
"OYSTER POSS SIZE/CLOSED AREA W/PREV CONV IAT - 62990076","PWC","76.118(e-3)",1,0,4,0,2,0
"OYSTER REGULATIONS - 62990053","PWC","76.118(b)",1,0,8,0,1,0
"OYSTER REGULATIONS 2+ PREV CONV - 62990055","PWC","76.118(f)",0,0,0,0,1,0
"OYSTER SIZE/CLOSED AREA W/2+ PREV CONV IAT - 62990075","PWC","76.118(e-2)",1,0,8,0,10,0
"PARTICIPATE RACKETEER/UNLAW DBT COLL ENTERPRIZ - 73990744","PC","72.04(b)",0,0,2,0,10,0
"PASS EMERGENCY VEH CAUSING BODILY INJURY - 54990052","TRC","545.157",9,0,1,0,0,0
"PASSING A SCHOOL BUS CAUSES SERIOUS BI - 54990038","TRC","545.066(c)(2)",0,0,1,0,0,0
"PASSING A SCHOOL BUS CAUSES SERIOUS BI - 54990053","TRC","545.066",0,0,1,0,0,0
"PASSING A SCHOOL BUS W/PREV CONV - 54990054","TRC","545.066",1,0,0,0,0,0
"PASSING CERTAIN VEH VIOL BODILY INJURY W/PREV - 54990083","TRC","545.157(c)(3)",1,0,0,0,0,0
"PASSING CERTAIN VEHICLES VIOL BODILY INJURY - 54990082","TRC","545.157(c)(2)",1,0,1,0,1,0
"PENSION PAYMENT/AFFIDAVIT/WARRANT - 26070179","VCS","6215",0,0,0,0,5,0
"PERFORMANCE OF ABORTION - UNBORN CHILD DIES - 14010004","HSC","170A.004(b)",0,0,0,0,1,0
"PERFORMING SURGERY WHILE INTOXICATED - 73990578","OC","165.1535",0,0,0,0,1,0
"PERJURY - 50030001","PC","37.02",12,1,18,1,18,0
"PERJURY CERTAIN ELECTION PROCEDURES - 50030004","EC","276.018(b)",0,0,0,0,1,0
"PERM MINOR TO POSS/CONSUME ALCOH BEV - 41990001","ABC","106.13",1,0,0,0,0,0
"PERM/FACILIT ESCAPE ARR/CONV FELONY - 49030002","PC","38.07(d)(1)",5,0,1,0,1,0
"PERMIT FOR MASS GATERINGS VIOL - 53070003","NRC","61.254",0,0,0,0,1,0
"PERMIT REQUIRED FOR CAVERN DEFACE W/PREV CONV - 29990036","NRC","201.014",0,0,0,1,0,0
"PERMIT REQUIRED IN WET AREA - 41040003","ABC","11.01",9,0,27,0,29,0
"PERMITTEE INTOXICATED ON LICENSED PREMISES - 41040004","ABC","11.61(b)(13)",2,0,0,0,0,0
"PERMITTEE UNAUTH POSS ALCH BEV ON LIC PREMISES - 41040005","ABC","11.61(b)(15)",20,0,20,0,4,0
"PERMITTING OR FACILITATING ESCAPE - 49010007","PC","38.08(a)",0,0,0,1,0,0
"PERMITTING/FACILITATING ESCAPE - 49030001","PC","38.07(a)",2,0,0,1,2,0
"PERSON KNOWINGLY/INTENT MAKES FALSE REPORT - 38990011","FC","261.107",1,0,1,0,0,0
"PERSON RIDE TRAILER/SEMI TRAILER DRAWN TRUCK - 54990036","TRC","545.4191",0,0,1,0,0,0
"PERSON U/18 YOA FALSE ID FOR BODY PIERCING - 55990054","HSC","146.0125",1,0,0,0,0,0
"PERSON U/18 YOA FALSE ID FOR TATTOO - 55990053","HSC","146.012",1,0,3,0,0,0
"PESTICIDE HERBICIDE CAUSING INJ - 55990019","AGC","76.201(e)",0,0,0,1,0,0
"PHARMACY LICENSE ACT - 73990503","OC","566.151",0,0,0,0,1,0
"PLACE SERIAL NUMBER W/INT TO CHANGE IDENTITY - 25890022","TRC","501.151(c)",11,0,13,0,30,0
"PLACE/STAMP SERIAL NUM INTENT TO CHANGE IDENT - 26990057","TRC","501.151(c)",3,0,0,0,4,0
"PLUMBING FIXTURES/FACILITY REGULATION VIOL - 73990682","WC","53.122(b)",0,0,1,0,0,0
"POS INT PRMT CHILD PORN DPCT CHLD FRCD <10 IAT - 37050010","PC","43.26(g)(1)(C)",0,0,0,0,7,0
"POS INT PRMT CHLD PORN DPCT CHLD SEX ASSLT IAT - 37050012","PC","43.26(g)(2)(B)",0,0,0,0,10,0
"POSS ALCOHOL BY A MINOR 3RD ENH IAT - 41040025","ABC","106.05",0,0,1,0,1,0
"POSS ALCOHOL BY A MINOR 3RD ENH IAT - 41040038","ABC","106.071(c)",0,0,0,0,3,1
"POSS ALCOHOLIC BEVERAGE NOT COVERED BY INVOICE - 41040001","ABC","28.06(a)",0,0,1,1,1,0
"POSS AND OPERATE SALVAGE MOTOR VEHICLE - 54990019","TRC","501.0921",13,0,7,0,4,0
"POSS ANIMAL W/CRUELTY TO ANIMAL CONV W/PREV - 72010005","PC","42.107(b)",0,0,1,0,1,0
"POSS CERTAIN VIS MAT PREV CONV - 37040007","PC","43.261(d)(1)",0,0,0,1,0,0
"POSS CHILD PORN CHILD YOUNGER THAN 10 YOA IAT - 37040025","PC","43.26(d-1)",42,0,118,5,80,2
"POSS CHILD PORN EMP CHLD/YTH FAC FUNDS IAT - 37040022","PC","43.26(d)(4)",0,0,0,0,4,1
"POSS CHILD PORNOGRAPHY >100<500 VISUAL DEPIC - 37040018","PC","43.26(d)(2)",3,0,37,0,44,3
"POSS CHILD PORNOGRAPHY >10<50 VISUAL DEPIC - 37040028","PC","43.26(d)(2)",0,0,0,0,40,1
"POSS CHILD PORNOGRAPHY >=10<50 VISUAL DEPIC - 37040017","PC","43.26(d)(1)(B)",8,0,60,9,96,3
"POSS CHILD PORNOGRAPHY >=50 DEPIC OR VIDEO - 37040020","PC","43.26(d)(2)(B)",50,1,435,6,621,19
"POSS CHILD PORNOGRAPHY PREV CONV IAT - 37040026","PC","43.26(d-1)",1,0,2,0,1,0
"POSS CHILD PORNOGRAPHY W/2+ PREV CONV IAT - 37040019","PC","43.26(d)(2)(A)",1,0,1,0,6,0
"POSS CHLD PORN PRMT KNW CHLD PREV CONV IAT - 37040023","PC","43.26(d-1)",1,0,4,1,7,1
"POSS CS ANALOGUE PG 1 < 1G - 35990040","HSC","481.123(d)",56,1,42,0,34,0
"POSS CS ANALOGUE PG 1 >= 1G < 4G - 35990041","HSC","481.123(d)",43,0,36,0,13,0
"POSS CS ANALOGUE PG 1 >= 400G - 35990044","HSC","481.123(d)",0,0,4,0,4,0
"POSS CS ANALOGUE PG 1 >=200G < 400G - 35990043","HSC","481.123(d)",0,0,3,0,1,0
"POSS CS ANALOGUE PG 1 >=4G < 200G - 35990042","HSC","481.123(d)",20,0,15,0,9,0
"POSS CS ANALOGUE PG 1-A <20AU - 35990147","HSC","481.123(d)",3,0,1,0,0,0
"POSS CS ANALOGUE PG 1-A >=20 <80 AU - 35990148","HSC","481.123(d)",1,0,0,0,0,0
"POSS CS ANALOGUE PG 2 < 1G - 35990049","HSC","481.123(f)",12,0,11,0,8,0
"POSS CS ANALOGUE PG 2 >= 1G < 4G - 35990050","HSC","481.123(f)",7,0,15,0,3,0
"POSS CS ANALOGUE PG 2 >= 400G - 35990052","HSC","481.123(f)",0,0,1,0,0,0
"POSS CS ANALOGUE PG 2 >= 4G < 400G - 35990051","HSC","481.123(f)",2,0,6,0,3,0
"POSS CS BY FRAUD CS SCHED 1/2 - 35000057","HSC","481.129(a)(4)",1,0,0,0,0,0
"POSS CS BY FRAUD SCH I/II - 35990121","HSC","481.129(a)(4)",1,0,5,0,0,0
"POSS CS BY FRAUD SCH III/IV - 35990122","HSC","481.129(a)(4)",0,0,0,0,1,0
"POSS CS NOT IN PG - 35990032","HSC","481.119(b)",20,4,14,7,41,1
"POSS CS NOT IN PG DFZ IAT 481.119 - 35990236","HSC","481.134(f)",19,5,3,2,13,2
"POSS CS NOT IN PG DRUG FREE ZONE - 35990132","HSC","481.119(b)",2,1,0,0,1,0
"POSS CS PG 1 < 1G - 35990014","HSC","481.115(b)",4677,26,2718,17,751,2
"POSS CS PG 1 < 1G DRUG FREE ZONE - 35990127","HSC","481.134(d)",60,3,71,2,22,2
"POSS CS PG 1 <28G - 35000020","HSC","481.115(B)",5,0,4,0,1,0
"POSS CS PG 1 >= 1G < 4G - 35990015","HSC","481.115(c)",3454,13,1830,5,507,1
"POSS CS PG 1 >= 400G - 35990018","HSC","481.115(f)",50,3,35,1,7,0
"POSS CS PG 1 >=200G < 400G - 35990017","HSC","481.115(e)",23,0,11,0,2,0
"POSS CS PG 1 >=4G < 200G - 35990016","HSC","481.115(d)",1649,5,956,1,291,2
"POSS CS PG 1-A <20AU - 35990138","HSC","481.1151(b)(1)",165,11,122,6,148,4
"POSS CS PG 1-A >=20AU - 35990139","HSC","481.1151(b)(2)",28,2,24,4,16,5
"POSS CS PG 1-A >=4000AU - 35990141","HSC","481.1151(b)(4)",1,0,2,0,4,0
"POSS CS PG 1-A >=8000AU - 35990142","HSC","481.1151(b)(5)",2,0,0,0,0,0
"POSS CS PG 1-A >=8000AU - 35990287","HSC","481.1151(b)(5)",0,0,1,0,0,0
"POSS CS PG 1-A >=80AU - 35990140","HSC","481.1151(b)(3)",23,2,16,4,5,0
"POSS CS PG 1/1-B <1G - 35990247","HSC","481.115(b)",27983,104,32511,108,36273,81
"POSS CS PG 1/1-B >=1G<4G - 35990248","HSC","481.115(c)",14358,45,16999,40,17698,57
"POSS CS PG 1/1-B >=200G<400G - 35990250","HSC","481.115(e)",174,1,145,2,160,0
"POSS CS PG 1/1-B >=400G - 35990251","HSC","481.115(f)",165,2,11,0,11,0
"POSS CS PG 1/1-B >=400G - 35990286","HSC","481.115(f)",60,0,242,2,208,0
"POSS CS PG 1/1-B >=4G<200G - 35990249","HSC","481.115(d)",8070,25,8913,24,8851,25
"POSS CS PG 2 < 1G - 35990019","HSC","481.116(b)",9004,2637,10448,2347,12193,2058
"POSS CS PG 2 < 1G DRUG FREE ZONE - 35990128","HSC","481.116(b)",46,76,35,37,28,44
"POSS CS PG 2 <28G - 35000023","HSC","481.116(b)(a)",2,0,1,0,0,0
"POSS CS PG 2 >= 1G < 4G - 35990020","HSC","481.116(c)",4870,691,6331,890,8068,978
"POSS CS PG 2 >= 400G - 35990022","HSC","481.116(e)",247,26,44,7,21,3
"POSS CS PG 2 >= 400G - 35990288","HSC","481.116(e)",55,4,202,18,224,15
"POSS CS PG 2 >= 4G < 400G - 35990021","HSC","481.116(d)",5532,731,6163,566,6466,515
"POSS CS PG 2-A <= 2OZ - 35990213","HSC","481.1161(b)(1)",967,26,1077,8,1286,11
"POSS CS PG 2-A > 2000LB - 35990218","HSC","481.1161(b)(6)",1,0,0,0,0,0
"POSS CS PG 2-A > 2000LB - 35990289","HSC","481.1161(b)(6)",0,0,1,0,0,0
"POSS CS PG 2-A > 2OZ <= 4OZ - 35990214","HSC","481.1161(b)(2)",60,5,53,4,46,3
"POSS CS PG 2-A > 4OZ <= 5LB - 35990215","HSC","481.1161(b)(3)",55,3,38,5,64,6
"POSS CS PG 2-A > 50LB <= 2000LB - 35990217","HSC","481.1161(b)(5)",5,0,1,1,3,1
"POSS CS PG 2-A > 5LB <= 50LB - 35990216","HSC","481.1161(b)(4)",4,0,4,0,8,0
"POSS CS PG 2>1G DRUG FREE ZONE - 35990160","HSC","481.134(c)",8,6,5,3,10,2
"POSS CS PG 3 < 28 G DRUG FREE ZONE - 35990129","HSC","481.134(e)",15,1,12,4,14,2
"POSS CS PG 3 <200G - 35000026","HSC","481.117(b)",3,0,3,0,0,0
"POSS CS PG 3 >= 28G < 200G - 35990024","HSC","481.117(c)",292,6,335,6,407,12
"POSS CS PG 3 >= 400G - 35990026","HSC","481.117(e)",37,0,4,0,2,0
"POSS CS PG 3 >= 400G - 35990290","HSC","481.117(e)",8,0,29,0,38,1
"POSS CS PG 3 >=200G < 400G - 35990025","HSC","481.117(d)",34,0,37,1,48,2
"POSS CS PG 3< 28G - 35990023","HSC","481.117(b)",5752,166,5646,129,5478,115
"POSS CS PG 3>1G DRUG FREE ZONE - 35990161","HSC","481.134(c)",1,0,1,0,0,0
"POSS CS PG 4 < 28 G DRUG FREE ZONE - 35990131","HSC","481.118(b)",0,0,1,0,0,0
"POSS CS PG 4 < 28G - 35990027","HSC","481.118(b)",310,2,310,6,250,8
"POSS CS PG 4 <200G UNLES PRESC - 35000029","HSC","481.118(b)",1,0,0,0,0,0
"POSS CS PG 4 >= 400G - 35990030","HSC","481.118(e)",54,3,5,0,6,0
"POSS CS PG 4 >= 400G - 35990291","HSC","481.118(e)",12,1,50,2,57,3
"POSS CS PG 4 >=200G <400G - 35990029","HSC","481.118(d)",59,2,32,3,41,5
"POSS CS PG 4 >=28G < 200G - 35990028","HSC","481.118(c)",74,4,73,3,43,1
"POSS CS PG 4>28G DRUG FREE ZONE - 35990162","HSC","481.134(c)",0,0,2,1,0,1
"POSS CS PG1 <1G DFZ IAT 481.115 - 35990231","HSC","481.134(d)",217,15,139,20,49,6
"POSS CS PG1-A AU <20 DFZ IAT 481.1151 - 35990238","HSC","481.134(d)",11,2,8,4,16,1
"POSS CS PG1/1B <1G DFZ IAT 481.115 - 35990272","HSC","481.134(d)",507,65,596,85,749,48
"POSS CS PG1>1G DRUG FREE ZONE - 35990159","HSC","481.134(c)",13,1,10,3,3,0
"POSS CS PG2 <1G DFZ IAT 481.116 - 35990232","HSC","481.134(d)",763,3134,803,2685,829,2246
"POSS CS PG2-A 4OZ<5LB DFZ IAT - 35430001","HSC","481.134(d)",4,2,1,1,0,1
"POSS CS PG2-A 4OZ<5LB DFZ IAT 481.1161 - 35990271","HSC","481.134(d)",11,11,8,13,7,6
"POSS CS PG3 <28G DFZ IAT 481.117 - 35990233","HSC","481.134(e)",125,54,129,54,127,52
"POSS CS PG4 <28G DFZ IAT 481.118 - 35990235","HSC","481.134(f)",10,2,17,4,14,3
"POSS DANGEROUS DRUG - 35990133","HSC","483.041(d)",3721,84,3601,49,3978,32
"POSS DANGEROUS DRUG FOR PURPOSE OF SELLING - 35000073","HSC","483.041(b)",1,0,0,0,0,0
"POSS DANGEROUS DRUG FOR PURPOSE/SELLING ENH - 35000074","HSC","483.041(b)",0,0,1,0,0,0
"POSS DECEPT SIMILAR REGIS INSIGNIA W/PREV CONV - 26990185","TRC","502.4755(e)(2)",3,0,1,0,0,0
"POSS DECEPTIVELY SIMILAR LIC PLATE W/PREV CONV - 26990187","TRC","504.946(e)(2)",1,0,0,0,1,0
"POSS GAMBLING DEVICE/EQUIPMENT/PARAPH - 39080002","PC","47.06",213,0,258,0,262,0
"POSS ILLICIT BEVERAGE/EQUIPMENT TO MANUFACTURE - 41020024","ABC","103.04",1,0,2,0,2,0
"POSS INT PRMT CHILD PORN UNDER 18YOA - 37050013","PC","43.26(g-1)",0,0,0,0,16,1
"POSS INT PRMT CHILD PORN UNDER 18YOA PREV IAT - 37050014","PC","43.26(g-1)(1)(A)",0,0,0,0,4,0
"POSS INT PRMT CHLD PORN FORCED >=50 DPCT IAT - 37050011","PC","43.26(g)(2)(A)",0,0,0,0,5,0
"POSS INT PRMT COMP CHILD PORN >=50 DPCTNS IAT - 37050017","PC","43.26(g-1)(2)",0,0,0,0,4,0
"POSS INT PRMT COMP CHILD PORN U18 >=10 DEP IAT - 37050015","PC","43.26(g-1)(1)(B)",0,0,0,0,1,0
"POSS INT PRMT COMP CHILD PORN YOUNGER 10YO IAT - 37050016","PC","43.26(g-1)(1)(C)",0,0,0,0,4,0
"POSS MAN/DISTR INSTR TO COMMIT RETAIL THEFT - 23990119","PC","31.15",135,0,170,1,130,2
"POSS MARIJ < 2OZ - 35620008","HSC","481.121(b)(1)",31645,942,32777,646,34955,509
"POSS MARIJ <= 2 OZ DRUG FREE ZONE - 35620016","HSC","481.121(b)(1)",103,11,109,10,73,5
"POSS MARIJ <= 2,000LBS > 50LBS - 35620012","HSC","481.121(b)(5)",218,2,185,2,198,2
"POSS MARIJ <= 4 OZ > 2 OZ DRUG FREE ZONE - 35620015","HSC","481.121(b)(2)",3,0,7,0,3,0
"POSS MARIJ <= 4OZ > 2OZ - 35620009","HSC","481.121(b)(2)",1816,36,1771,26,1842,26
"POSS MARIJ <= 5 LBS > 4 OZ DRUG FREE ZONE - 35620014","HSC","481.121(b)(3)",11,0,13,0,2,1
"POSS MARIJ <= 50 LBS >5LBS - 35620011","HSC","481.121(b)(4)",521,1,432,1,396,1
"POSS MARIJ <= 5LBS > 4OZ - 35620010","HSC","481.121(b)(3)",3366,43,3079,39,2918,25
"POSS MARIJ > 2,000LBS - 35620013","HSC","481.121(b)(6)",3,1,1,0,2,0
"POSS MARIJ > 2,000LBS - 35620021","HSC","481.121(b)(6)",0,0,0,0,0,1
"POSS MARIJUANA <= 2 OZ - 35620001","HSC","481.121(b)(1)",157,5,106,8,110,1
"POSS MARIJUANA <= 4 OZ BUT > 2 OZ - 35620002","HSC","481.121(b)(2)",6,0,7,2,8,0
"POSS MARIJUANA <= 5 LBS BUT > 4 OZ - 35620003","HSC","481.121(b)(3)",2,0,4,0,4,0
"POSS MARIJUANA <= 50 LBS BUT > 5 LBS - 35620004","HSC","481.121(b)(4)",0,0,1,1,1,0
"POSS MARJ 2OZ<4OZ DFZ IAT 481.121 - 35620019","HSC","481.134(e)",97,8,85,6,78,5
"POSS MARJ 4OZ<5LB DFZ IAT 481.121 - 35620018","HSC","481.134(d)",148,7,105,2,105,7
"POSS MARJ <2OZ DFZ IAT 481.121 - 35620020","HSC","481.134(f)",927,639,917,455,856,266
"POSS OF CHILD PORNOGRAPHY - 37040001","PC","43.26(A)",243,1,96,5,60,0
"POSS OF CHILD PORNOGRAPHY - 37040009","PC","43.26(d)",1314,64,587,29,419,29
"POSS OF CHILD PORNOGRAPHY <10 VISUAL DEPIC - 37040027","PC","43.26(d)(1)",0,0,0,0,58,3
"POSS OF CHILD PORNOGRAPHY <100 VISUAL DEPIC - 37040015","PC","43.26(d)(1)",112,2,228,14,178,8
"POSS OF CHILD PORNOGRAPHY >50 VISUAL DEPIC - 37040029","PC","43.26(d)(3)(A)",0,0,0,0,40,0
"POSS OF CHILD PORNOGRAPHY >500 VISUAL DEPIC - 37040021","PC","43.26(d)(3)",9,0,43,0,43,0
"POSS OF CHILD PORNOGRAPHY W/2+ PREV CONV IAT - 37040011","PC","43.26(d)(2)",1,0,2,0,1,0
"POSS OF CHILD PORNOGRAPHY W/PREV CONV IAT - 37040010","PC","43.26(d)(1)",18,0,3,24,13,0
"POSS OF CHILD PORNOGRAPHY W/PREV CONV IAT - 37040016","PC","43.26(d)(1)(A)",1,0,5,0,1,0
"POSS OF CHLD PORN PRMT KNW CHLD >=10<50 DEPIC - 37040024","PC","43.26(d-1)",0,0,30,4,27,0
"POSS PROH BEV ON LIC PREMISES - 41040019","ABC","69.12",0,0,0,0,2,0
"POSS TOBACCO PRODUCT WHICH TAX OF >$50 IS REQ - 61990024","TC","155.211",2,0,2,0,1,0
"POSS TRANSP CHEM W/INT MAN CS PG 1/1A - 35990185","HSC","481.124",1,0,0,0,0,0
"POSS TRANSPORT CHEM W/INT MAN CS PG 1/1-A/1-B - 35990252","HSC","481.124(d)(1)",5,0,1,0,3,0
"POSS TRANSPORT CHEM W/INT MAN CS PG 2 - 35990257","HSC","481.124(d)(2)",0,0,1,0,1,0
"POSS USE INHALE/INGEST VOLATILE CHEM - 35990178","HSC","485.031",193,1,234,10,254,0
"POSS USE TO INHALE NITROUS OXIDE - 35990189","HSC","484.003",0,0,2,0,1,0
"POSS VISUAL MATERIAL DEPICT SEXUAL ASSAULT - 37040030","PC","43.26(d)(3)(B)",0,0,0,0,65,0
"POSS W/INT PROMOT CHILD PORNOGRAPHY W/PREV IAT - 37050005","PC","43.26(g)",14,1,22,1,13,0
"POSS W/INT TO PROMOTE CHILD PORNOGRAPHY - 37040002","PC","43.26(E)",55,0,19,0,17,0
"POSS W/INT TO PROMOTE CHILD PORNOGRAPHY - 37050004","PC","43.26(g)",583,51,407,25,224,21
"POSS W/INT TO PROMOTE CHILD PORNOGRAPHY - 37050006","PC","43.26(g)",0,0,1,0,19,2
"POSS W/INT USE/POSS/INHAL PARA GLUE/PAINT - 35500013","HSC","485.034(a)",1,0,1,0,1,0
"POSS-UNL USE OF CRIM INSTRUMENT - 22060008","PC","16.01(a)(2)",22,0,13,0,12,0
"POSS/ACC CHLD PORN SEX CNDCT >=10<50 DEPIC IAT - 37040033","PC","43.26(c-1)(1)(B)",0,0,0,0,3,0
"POSS/ACC CHLD PORN SEX CNDT/ASSLT >=50 DEP IAT - 37040035","PC","43.26(c-1)(2)(B)",0,0,0,0,6,0
"POSS/ACCESS CHILD PORN SEX CNDCT PREV CONV IAT - 37040032","PC","43.26(c-1)(1)(A)",0,0,0,0,1,0
"POSS/ACCESS CHILD PORNOGRAPHY SEX CONDUCT - 37040031","PC","43.26(c-1)",0,0,0,0,39,0
"POSS/ACCESS COMP GEN CHLD PORN SEX CONDUCT - 37040038","PC","43.26(c-3)",0,0,0,0,2,0
"POSS/DEL DRUG PARA TO ANOTHER UNDER 18 YOA - 35500007","HSC","481.125(c)",0,0,0,0,1,0
"POSS/DEL DRUG PARA TO PLANT/PROC/STOR CS 2ND - 35500002","HSC","481.125(a)",1,0,0,0,0,0
"POSS/DEL DRUG PARA TO PLANT/PROCESS/STORE CS - 35500001","HSC","481.125(a)",1,0,1,0,0,0
"POSS/DEL DRUG PARAPHERNALIA TO PERSON U/18YR - 35500021","HSC","481.125(f)",0,0,1,0,8,3
"POSS/DEL DRUG PARAPHERNALIA TO PERSON U/18YR - 35500043","HSC","481.125",10,0,3,0,3,0
"POSS/DEL DRUG PARAPHERNALIA/2ND - 35500003","HSC","481.125(a)",3,0,6,0,4,0
"POSS/PRMT LEWD VIS MATER DPCT CHLD 2+ PREV IAT - 37040014","PC","43.262(c)(2)",4,1,1,0,2,0
"POSS/PRMT LEWD VISUAL MATER DPCT CHLD PREV IAT - 37040013","PC","43.262(c)(1)",0,1,2,1,1,1
"POSS/PRMT/PROD CERTAIN VISUAL MAT DPCT CHILD - 37990011","PC","43.235(c)",0,0,0,0,7,0
"POSS/PRMT/PROD VISL MAT DPCT CHILD 2+ PREV IAT - 37990013","PC","43.235(c)(2)",0,0,0,0,1,0
"POSS/PROMOTE LEWD VISUAL MATERIAL DEPICT CHILD - 37040012","PC","43.262(c)",23,24,41,23,64,31
"POSSESS FIREARM/DEVICE NOT SPECIFIED ON PERMIT - 52120005","PWC","43.1095(a)(2)",0,0,0,0,1,0
"POSSESS GAMBLING DEVICE OR EQUIPMENT - 39080001","PC","47.06",1,0,1,0,0,0
"POSSESS GAMBLING PARAPHERNALIA - 39120001","PC","47.07",1,0,0,0,0,0
"POSSESSION CHILD-LIKE SEX DOLL INTEND PROMOTE - 36990040","PC","43.231(d)",0,0,0,0,1,0
"POSSESSION OF CHILD-LIKE SEX DOLL - 36990041","PC","43.231(e)",0,0,0,0,2,0
"POSSESSION/DELIVERY DRUG PARAPHERNALIA - 35500004","HSC","481.125(a)",19,0,13,0,8,0
"PRACTICING MEDICINE IN VIOLATION OF SUBTITLE - 73990475","OC","165.152",3,0,4,0,25,0
"PRESENT TO OFFICIAL FICTITIOUS INSP REPORT - 25050003","TRC","548.603(f)",10,0,8,0,4,0
"PRIV SECU KNOWINGLY FAIL TO MAINTAIN INS - 73990562","OC","1702.3841(b)",0,0,0,0,1,0
"PRIVATE INVESTIG/SECURITY AGENCY REG W/PRE CON - 73990546","OC","1702.388",0,0,0,0,1,0
"PRIVATE INVESTIGATOR/SECURITY AGENCY REG - 73990517","OC","1702.388",3,0,7,0,1,0
"PROCESS LOW-LEVEL RADIOACTIVE WASTE W/O LIC - 62050089","WC","7.184(c)",0,0,1,0,0,0
"PROD/REPROD TEMP TAG FOR DIST TO UNAUTH PERSON - 26990167","TRC","503.094(d)(3)",3,0,5,0,10,0
"PROF FAIL MKE REQ CHLD ABSE RPT INT CNCEAL IAT - 38060018","FC","261.109(c)",1,0,4,0,5,0
"PROF FAIL TO MAKE REQ CHILD ABUSE REPORT - 38060017","FC","261.109(c)",7,0,7,0,2,0
"PROH GIFT OR GRATUITY MEMBER OF GOVT AGENCY - 51060001","NRC","88.094",0,0,0,0,1,0
"PROH IMAGES/SIGN CIG/E-CIG/TBCC SALE/ADV/MKTNG - 73990767","HSC","161.124(c)",0,0,0,0,1,0
"PROH OWN/OPERATE/MANAGE BUSINESS BY SEX OFFEND - 36990011","BCC","46.002",0,0,0,0,1,0
"PROH SEXUAL CONDUCT WITH ANCESTOR/DESCENDANT - 36990020","PC","25.02(c)",16,0,25,1,15,1
"PROH SUB CORR FACIL-ALCOHOL/DRUG/PHONE/TOBACCO - 35990209","PC","38.11(d)(1)",118,3,78,0,36,0
"PROH SUB CORR FACIL-POSS DEADLY WEAPON - 35990208","PC","38.11 (D)(2)",0,1,0,0,0,0
"PROH SUB CORR FACIL-PROV DEADLY WEAPON - 35990212","PC","38.11(a)(2)",1,0,0,0,0,0
"PROH SUB CORR/CIV COM FACIL-ATTEMPT - 35990211","PC","38.11(h)",95,3,108,3,113,4
"PROH SUBST CORRECTION FACIL DRUG/TOBACCO/PHONE - 35990112","PC","38.11(d)(1)",58,0,9,0,6,0
"PROH SUBST IN CORR/CIV COM FACILITY EMPLOYEE - 35990293","PC","38.11(g-1)",0,0,0,0,2,0
"PROH SUBSTANCE/ITEM IN CORR/CIV COM FACILITY - 73990677","PC","38.11(g)",2434,25,2521,30,2677,31
"PROH WEAPON - 52030025","PC","46.05(e)",399,25,649,54,651,58
"PROH WEAPON IAT WFZ 46.05 - 52030031","PC","46.11(a)",8,8,10,4,9,10
"PROH WEAPON KNUCKLES IAT WFZ 46.05 - 52030032","PC","46.11(a)",1,0,0,3,0,0
"PROH WEAPON KNUCKLES WEAPONS FREE ZONE - 52030017","PC","46.11",0,0,2,0,0,0
"PROH WEAPON TIRE DEFLATION DEVCE IAT WFZ 46.05 - 52030033","PC","46.11(a)",0,1,0,0,0,0
"PROH WEAPON TIRE DEFLATION DEVICE - 52990006","PC","46.05(e)",3,0,3,0,5,0
"PROH WEAPONS SWITCHBLADE/KNUCKLES - 52030011","PC","46.05(a)(5&6)",2,0,0,0,0,0
"PROH WEAPONS/WEAPONS FREE ZONE - 52030016","PC","46.11",1,0,2,0,0,1
"PROHIBITED ACTS UNLIC ALIEN VESSEL - 62990072","PWC","66.308",0,0,1,0,1,0
"PROHIBITED DISMEMBERMENT ABORTION - 14010002","HSC","171.153(b)",0,0,0,0,3,0
"PROHIBITED E-CIGARETTE SELL/ADVERTISE - 73990754","HSC","161.0876(c)",0,0,6,0,6,0
"PROHIBITED E-CIGARETTE SELL/ADVERTISE - 73990766","HSC","161.0876(c)",0,0,0,0,8,0
"PROHIBITED PARTIAL-BIRTH ABORTION - 14010001","HSC","171.103",1,0,0,0,1,0
"PROHIBITED SEXUAL CONDUCT - 36990002","PC","25.02",34,2,41,7,54,11
"PROHIBITED SUBSTANCE IN CORRECTIONAL FACILITY - 35000111","PC","38.112",17,0,6,0,6,0
"PROHIBITED WEAPONS - 52030002","PC","46.06(a)(1-4,7-9)",0,0,1,0,0,1
"PROHIBITED WEAPONS - 52030010","PC","46.05(a)(1-4,7-9)",143,7,45,1,27,0
"PROHIBITION UNREGULATED/UNSTAMPED CIGARETTES - 58030004","PC","48.015",0,0,0,0,1,0
"PROMOTE CERTAIN VIS MAT: HARASS/PREV CONV - 37050001","PC","43.261(c)(1)",1,3,1,3,1,6
"PROMOTE MASS GATHERING W/O PERMIT - 53070002","HSC","751.003",0,0,2,0,0,0
"PROMOTE PROSTITUTION - 40020003","PC","43.03(b)",1,0,0,0,0,0
"PROMOTE PROSTITUTION - 40020008","PC","43.03(b)",8,1,3,0,2,0
"PROMOTE PROSTITUTION - 40020017","PC","43.03(b)",88,0,106,1,127,0
"PROMOTE PROSTITUTION OF < 18 YOA PERSON - 40020005","PC","43.03(b)(2)",1,0,1,0,0,0
"PROMOTE PROSTITUTION PERSON <18 YOA - 40020019","PC","43.03(b)(2)",9,1,17,0,17,0
"PROMOTE PROSTITUTION W/PREV CONV - 40020004","PC","43.03(b)(1)",1,0,0,0,0,0
"PROMOTE PROSTITUTION W/PREV CONV - 40020009","PC","43.03(b)(1)",1,0,0,0,0,0
"PROMOTE PROSTITUTION W/PREV CONV - 40020018","PC","43.03(b)(1)",1,0,0,0,2,0
"PROMOTION OF PROSTITUTION - 40020001","PC","43.03",0,0,1,0,1,0
"PROPERTY CRIME CLASS C - 71999999","X","CLASS C",180,0,163,0,154,0
"PROSTITUTI/OTHER PAYOR SOLICIT PERSON < 18 YOA - 40040018","PC","43.02(c-1)(3)",2,0,4,0,1,0
"PROSTITUTION - 40040002","PC","43.02(a)",7,0,16,0,14,0
"PROSTITUTION - 40040009","PC","43.02(c)",1191,0,965,0,798,0
"PROSTITUTION SOLICIT PERSON < 18 YOA - 40040014","PC","43.02(c)(3)",1,0,0,0,1,0
"PROSTITUTION W/3RD OR MORE - 40040006","PC","43.02",0,0,4,0,0,0
"PROSTITUTION W/3RD OR MORE - 40040011","PC","43.02(c)(2)",86,0,77,0,69,0
"PROSTITUTION WITH ONE/TWO PREV CONVIC - 40040005","PC","43.02",0,0,1,0,0,0
"PROSTITUTION WITH ONE/TWO PREV CONVIC - 40040010","PC","43.02(c)(1)",103,0,63,0,63,0
"PROSTITUTION/OTHER PAYOR - 40040015","PC","43.02(c-1)",1,0,4,0,0,0
"PROSTITUTION/OTHER PAYOR - 40040019","PC","43.02(c-1)",10,0,3,0,0,0
"PROSTITUTION/OTHER PAYOR PERSON UNDER 18YOA - 40040021","PC","43.02(c-1)(2)",1,0,1,0,1,0
"PROSTITUTION/OTHER PAYOR W/3RD OR MORE - 40040017","PC","43.02(c-1)(2)",3,0,1,0,0,0
"PROSTITUTION/OTHER PAYOR W/PREV CONV - 40040020","PC","43.02(c-1)(1)",2,0,0,0,0,0
"PROVIDE FALSE INFO FOR NICS BACKGROUND CHECK - 26070312","PC","46.06(d)(2)",1,0,5,0,7,0
"PUBLIC INTOX W/3 PRIOR CONVICTIONS 49.02 - 41990027","PC","12.43(c)",213,0,409,0,577,0
"PUBLIC INTOXICATION W/3 PRIOR CONVICTIONS - 41990018","PC","49.02",236,0,104,0,64,0
"PUBLIC INTOXICATION:MINOR 3RD ENH - 41990015","PC","49.02",96,2,91,0,107,1
"PUBLIC LEWDNESS - 72990007","PC","21.07",86,12,34,4,19,2
"PUBLIC LEWDNESS - 72990047","PC","21.07(b)",231,104,262,115,410,118
"PUBLIC LEWDNESS CIVILLY COMMITTED PERSON - 36990036","PC","21.07(b)",0,0,0,0,2,0
"PUBLIC NUISANCE ENH - 53120004","HSC","341.091",0,0,0,0,2,0
"PUBLIC NUISANCE ENH - 53990016","HSC","341.091",6,0,1,0,3,0
"PUBLIC ORDER CRIMES CLASS C - 73999999","X","CLASS C",1332,0,1296,0,1747,0
"PUBLIC PEACE CLASS C - 53999999","X","CLASS C",3527,0,3728,0,3654,0
"PUBLISH/THREAT TO PUBLISH INTIMATE VISUAL MATR - 37990006","PC","21.16(g)",22,0,19,0,6,0
"PUBLISH/THREAT TO PUBLISH INTIMATE VISUAL MATR - 37990007","PC","21.16(g)",373,122,423,119,502,116
"PURCHASE  ALCH FROM UNAUTH SOURCE - 41990006","ABC","22.01",0,0,0,0,1,0
"PURCHASE FURNISH ALCOHOL TO A MINOR - 41990020","ABC","106.06",234,15,67,1,29,1
"PURCHASE FURNISH ALCOHOL TO A MINOR - 41990028","ABC","106.06(c)",65,3,346,5,340,7
"PURCHASE FURNISH ALCOHOL TO A MINOR CAUSE SBI - 41990029","ABC","106.06(c-1)",0,0,6,0,8,0
"PURCHASE/FURNISH ALCH TO A MINOR - 41990010","ABC","106.06",5,0,2,0,1,0
"PURCHASE/POSS LICENSE PLATE FLIPPER CRIM NEG - 26990189","TRC","504.946(b)",5,0,1,0,7,0
"PURCHASE/POSS LICENSE PLATE FLIPPER CRIM NEG - 26990253","TRC","504.9465(b)",17,0,22,0,62,0
"PYRAMID PROMOTIONAL SCHEME - 26990060","BCC","17.461(c)",1,0,0,0,0,0
"RACING ACT - 39990008","VCS","179E",0,0,0,0,2,0
"RACING ON HIGHWAY - 54990031","TRC","545.420(d)",1522,27,1805,33,1731,40
"RACING ON HIGHWAY CAUSING BODILY INJURY - 54990034","TRC","545.420(g)",26,2,32,2,28,0
"RACING ON HIGHWAY CAUSING SERIOUS BODILY INJ - 54990035","TRC","545.420(h)",30,10,38,2,42,0
"RACING ON HIGHWAY W/2 PREV CONV - 54990033","TRC","545.420(f)",2,0,0,0,0,0
"RACING ON HIGHWAY W/PREV CONV OR W/DWI - 54990032","TRC","545.420(e)",19,0,31,0,34,0
"RACING W/O LICENSE - 39990014","OC","2033.004(b)",0,0,2,0,1,0
"REAL ESTATE BRO/SALES W/OUT LIC/REGISTRATION - 73990694","OC","1101.758(b)",0,0,1,0,1,0
"RECK INJ TO A CHILD BODILY INJ - 13990007","PC","22.04(a)",21,1,18,1,0,1
"RECK INJ TO A CHILD SBI - 13990004","PC","22.04(a)(1)",0,3,2,1,0,0
"RECK INJ TO DISABLED BODILY INJ - 13990021","PC","22.04(a)",0,0,1,0,0,0
"RECK INJ TO ELDERLY BODILY INJ - 13990014","PC","22.04(a)",2,0,1,0,0,0
"RECK INJ TO ELDERLY SBI - 13990011","PC","22.04(a)(1)",1,0,0,0,0,0
"RECKLESS CONDUCT - 53000005","PC","22.05",1,0,0,0,1,0
"RECKLESS DRIVING - 54000014","VCS","6701d(51)(a)",30,0,10,0,15,1
"RECKLESS DRIVING - 54990011","TRC","545.401",307,5,355,4,174,1
"RECKLESS DRIVING - 54990044","TRC","545.401(b)",3384,87,4035,101,5360,125
"RECKLESS EMISSION OF AIR CONTAMINENT - 62050080","WC","7.182",0,0,1,0,1,0
"RECKLESS OR EXCESSIVE SPEED OF WATER VESSEL - 54990027","PWC","31.096",0,0,0,0,2,0
"RECKLESS OR EXCESSIVE SPEED OF WATER VESSEL - 54990041","PWC","31.127(b)",0,0,4,0,3,0
"REDUCED RATE FOR OFFICERS - 26040008","VCS","4015D",1,0,0,0,0,0
"REFUSE TO RELINQUISH TELEPHONE LINE IN EMERG - 73990431","TUC","186.042",4,0,8,1,2,0
"REFUSES TO ALLOW INSPECTION/INVESTIGATION - 41020036","ABC","101.04(b)",7,0,7,0,4,0
"REGISTRANT/DISPENSER COMMERCIAL VIOL - 35990240","HSC","481.128(c)",0,0,1,0,0,0
"REGISTRATION AND BOND REQUIREMENTS - 73990544","OC","1803.051",0,0,0,0,1,0
"REGISTRATION REQ/HOURS/REPORT - 26990183","OC","1956.040(a-2)",0,0,0,0,2,0
"REIDENTIFY/DISCLOSE DEIDENTIFIED INFORMATION - 57990059","BCC","506.004(b)",0,0,1,0,0,0
"REM/DAMAGE/CONCEAL/MARKER SIGN CLASS A FACILIT - 73990598","TUC","251.203",1,0,0,0,0,0
"REPEAT/HABITUAL MIADEMEANOR OFFENDERS - 53110004","PC","12.43(a,b)",2,0,1,0,2,0
"REPRESENT AS ATTORNEY W/PREV CONVIC - 26990105","GC","406.017",1,0,0,0,0,0
"REQUIRED LICENSE TO OP FAMILY HOME - 73991055","HRC","42.076(b)",0,0,4,0,0,0
"RESIDENTIAL SERVICE COMPANY ACT VIOLATION - 73991056","OC","1303.406",1,0,1,0,0,0
"RESIST ARREST SEARCH OR TRANSP - 48010006","PC","38.03(a)",15992,1006,17155,1025,18432,964
"RESIST ARREST SEARCH OR TRANSP DEADLY WEAPON - 48010007","PC","38.03(d)",90,4,84,5,91,10
"RESPIRATORY CARE PRACTITIONERS REGULATIONS - 73990507","OC","604.352",0,0,1,0,0,0
"RESTRICT CONTRIBUTE/EXPENDITURE GEN PURPOSE CO - 59990021","EC","253.037",0,0,1,0,0,0
"RESTRICT MAN/DISTB/SALE OF DIMETHZE SULFOXIDE - 35990200","HSC","439.017",0,0,1,0,0,0
"RESTRICTION ON CONSUMPTION OF ALCOHOL - 41020035","ABC","62.12",0,0,0,0,1,0
"RETALIATE RESIDENT/EMPLOYEE - 50990044","HRC","101A.264(b)",0,1,0,0,1,0
"RETALIATION - 13000036","PC","36.06",7,0,7,0,0,0
"RETALIATION AGAINST VOTER - 13000037","EC","276.001(a)",10,0,1,0,0,0
"RETALIATION AGAINST VOTER - 13990046","EC","276.001(a)",2,0,3,0,1,0
"RETRIEVAL AND WASTE OF GAME - 62990017","PWC","62.011",15,0,0,0,5,0
"RIOT PARTICIPATION - 53060001","PC","42.02(a)",53,18,554,44,28,46
"RIOT PARTICIPATION - 53060002","PC","42.02(f)",0,0,45,3,4,0
"RIOT PARTICIPATION - 53060003","PC","42.02(f)",0,0,0,0,6,0
"RIOT PARTICIPATION - 53060004","PC","42.02(f)",1,8,9,2,10,0
"RIOT PARTICIPATION - 53060005","PC","42.02(f)",1,4,1,0,3,2
"RIOT PARTICIPATION - 53060006","PC","42.02(f)",0,2,28,0,0,0
"ROBBERY - 12000002","PC","29.02",5,0,11,0,5,0
"ROBBERY - 12990001","PC","29.02",2722,385,2838,420,2198,302
"ROBBERY - 12990003","PC","29.02(b)",0,0,2,0,564,116
"ROBBERY CLASS C - 12999999","X","CLASS C",1,0,0,0,2,0
"RULES RELATE RESIDENCE TO HUNTING - 62990052","PWC","11.004",0,0,0,0,1,0
"SALE DISTR OR DISPLAY HARMFUL MATER TO MINOR - 37020002","PC","43.24(b)(1&2)",2,0,2,1,1,0
"SALE OR PURCHASE OF CHILD - 72990048","PC","25.08(c)",1,0,6,0,0,0
"SALE TO CERTAIN PERSONS - 41020033","ABC","101.63(b)",44,0,30,0,24,0
"SALE TO MINORS - ALCOHOL - 41020025","ABC","106.03",237,0,237,0,244,0
"SALE/DISTR/DISPLAY HARMFUL MATERIAL TO MINOR - 37990004","PC","43.24(d)",68,33,71,38,96,25
"SALE/OFFER SALE/PRIZE/GIFT UNSTAMP CIG - 61990001","TC","154.502",0,0,1,0,0,0
"SALE/PURCHASE SHARK FIN OR SHARK FIN PRODUCTS - 62020055","PWC","66.2161(d)",0,0,1,0,1,0
"SALVAGE VEHICLE DEALERS VIOLATION - 73990599","OC","2302.101",0,0,0,0,4,0
"SECUR USE TELEPHONE UNDER EMERG PRETENSES - 73990432","TUC","186.043",3,0,0,0,1,0
"SECURE EXECUTION DOC DECEPT>=$1,500<$20K - 26990037","PC","32.46(b)(4)",6,0,1,0,4,0
"SECURE EXECUTION DOC DECEPT>=$200K - 26990040","PC","32.46(b)(7)",1,0,0,0,0,0
"SECURE EXECUTION DOC DECEPT>=$20K<$100K - 26990038","PC","32.46(b)(5)",2,0,0,0,0,0
"SEDITION - 01050001","GC","557.001(b)",3,0,7,0,5,0
"SELL A/B DURING PROHIBITED HOURS - 41020037","ABC","105.10(a)(1)",27,0,9,0,27,0
"SELL ALCOH BEV W/O DISPLAYED LICENSE - 41020011","ABC","61.01",8,0,12,0,6,0
"SELL ALCOHOLIC BEV INTOXICATED/INSANE PERSON - 41020002","ABC","101.63(a)",1,0,0,0,0,0
"SELL ALCOHOLIC BEVERAGE TO MINOR - 41020003","ABC","106.03(a)",26,0,13,0,10,0
"SELL OR PURCHASE CHILD FOR SEXUAL PERFORMANCE - 72990031","PC","25.08(c)",0,0,2,0,0,0
"SELL STOLEN REGULATED MATERIALS - 28010011","OC","1956.040(c)",8,0,13,0,31,0
"SELL UNREGIST SECURITIES - 23000096","VCS","581-29(B)",2,0,0,0,0,0
"SELL/PURCH WATER VESS W/ALTERED ID/SERIAL NUM - 26990179","PWC","31.127(b)",0,0,0,0,1,0
"SELL/TRANSFER/FURNISH PRECURSOR SUBSTANCE - 35000008","HSC","481.079(b)",0,0,1,0,0,0
"SEWAGE DISPOSAL VIOLATION W/PREV CONV IAT - 62050112","WC","7.173(b)",0,0,1,0,0,0
"SEX ABUSE CHILD VIC U14/DISABLED PERSON CONT - 11990027","PC","21.02(h)",0,0,0,0,145,1
"SEX ABUSE OF CHILD CONTINUOUS: VICTIM UNDER 14 - 11990012","PC","21.02",201,0,158,0,70,0
"SEX ABUSE OF CHILD CONTINUOUS: VICTIM UNDER 14 - 11990015","PC","21.02(b)",754,3,758,10,710,10
"SEX OFFENDER REGISTRATION - 00060000","X","X",700,0,349,0,0,0
"SEX OFFENSE-AGAINST CHILD-FONDLING - 36010000","X","X",0,0,0,0,0,2
"SEX OFFENSES CLASS C - 36999999","X","CLASS C",1,0,3,0,2,0
"SEXUAL ASSAULT BIGAMY - 11990011","PC","22.011(f)",3,0,6,0,3,0
"SEXUAL ASSAULT BIGAMY - 11990019","PC","22.011(f)(1)",7,0,37,2,17,0
"SEXUAL ASSAULT CLASS C - 11999999","X","CLASS C",0,0,0,0,4,0
"SEXUAL ASSAULT DONOR W/O CONSENT - 11990020","PC","22.011(f)(2)",1,0,1,0,1,0
"SEXUAL ASSAULT PROH/PURPORT SPOUSE - 11990009","PC","22.011(e)(2)(B)",5,0,2,0,1,0
"SEXUAL ASSAULT PROH/PURPORT SPOUSE - 11990018","PC","22.011(f)(1)",52,1,65,0,88,1
"SEXUAL ASSLT - 11990001","PC","22.011(a)(1)",1278,88,1455,67,1366,71
"SEXUAL ASSLT CHILD - 11000003","PC","22.011(a)(2)",10,1,11,4,5,0
"SEXUAL ASSLT CHILD - 11990002","PC","22.011(a)(2)",1481,95,1770,158,1831,119
"SEXUAL ASSULT PROH/PURPORT SPOUSE UNDER 14 YOA - 11990010","PC","22.011(e)(2)(A)",5,0,1,0,2,0
"SEXUAL COERCION - 36990030","PC","21.18(e)",18,3,19,4,18,9
"SEXUAL COERCION PREV CONVICTION IAT - 36990031","PC","21.18(e)",1,0,0,0,0,0
"SEXUAL CONT/INTERCOURSE W/SUPERVISED PERSON - 56990006","PC","39.04(g)",1,0,1,0,2,0
"SEXUAL CONT/INTRCRSE W/JUVENILE FACILITY/TJJD - 11990007","PC","39.04(b)(1)(2)",0,0,1,0,0,0
"SEXUAL CONT/INTRCRSE W/JUVENILE FACILITY/TJJD - 11990021","PC","39.04(B)(1)(2)",0,0,1,0,3,0
"SEXUAL PERF BY CHILD <14 YRS EMPLOY/DIR/PROMO - 36990025","PC","43.25(c)",16,0,12,1,12,0
"SEXUAL PERF BY CHILD <14 YRS PRODUCE/DIR/PROMO - 36990026","PC","43.25(e)",0,0,2,0,5,0
"SEXUAL PERF BY CHILD <14 YRS PRODUCE/DIR/PROMO - 64050003","PC","43.25(e)",18,1,34,2,40,1
"SEXUAL PERF BY CHILD EMPLOY/INDUCE/AUTHORIZE - 36990027","PC","43.25(b)",1,0,0,0,2,0
"SEXUAL PERF CHILD <14 EMPLOY/INDUCE/AUTHORIZE - 64050001","PC","43.25(c)",26,2,46,4,48,1
"SEXUAL PERFORM CHILD EMPLOY INDUCE/AUTHORIZE - 36010003","PC","43.25(b)",1,0,0,0,2,0
"SEXUAL PERFORM CHILD EMPLOY INDUCE/AUTHORIZE - 36990014","PC","43.25(b)",20,0,30,0,15,0
"SEXUAL PERFORM CHILD EMPLOY INDUCE/AUTHORIZE - 36990032","PC","43.25(c)",1,0,3,0,0,0
"SEXUAL PERFORM CHILD EMPLOY INDUCE/AUTHORIZE - 64050002","PC","43.25(c)",34,0,58,0,58,0
"SEXUAL PERFORM CHILD PRODUCE/DIRECT/PROMOTE - 36010004","PC","43.25(d)",7,0,2,0,2,0
"SEXUAL PERFORM CHILD PRODUCE/DIRECT/PROMOTE - 36990015","PC","43.25(d)",9,0,4,0,2,0
"SEXUAL PERFORM CHILD PRODUCE/DIRECT/PROMOTE - 36990033","PC","43.25(e)",1,0,1,0,0,0
"SEXUAL PERFORM CHILD PRODUCE/DIRECT/PROMOTE - 64050004","PC","43.25(e)",25,0,26,0,44,0
"SEXUAL PERFORM POSSIBLE VIEW/PRESENCE <18YOA - 37990008","PC","43.28(c)",0,0,6,0,0,2
"SIGN FAL STATEMENT/CERTIFICATE - 26070136","TC","152.101",1,0,3,0,0,0
"SILENT /ABUSIVE CALLS TO 9-1-1 SERVICE - 53990003","PC","42.061",45,4,33,2,17,0
"SILENT ABUSIVE CALL/ELECTR COMM TO 911 SERVICE - 53090006","PC","42.061(d)",384,16,361,28,460,16
"SILENT OR ABUSIVE CALLS TO 9-1-1 SERVICE - 53000006","PC","42.061(d)",1,0,1,0,2,0
"SILENT OR ABUSIVE CALLS TO 9-1-1 SERVICE ENH - 53000007","PC","42.061(b)(c)",0,0,1,0,0,0
"SMUGGLING CLASS C - 58999999","X","CLASS C",3,0,2,0,1,0
"SMUGGLING OF PERSONS - 58990006","PC","20.05(b)",164,2,31,8,9,0
"SMUGGLING OF PERSONS - 64110001","PC","20.05(b)",8868,133,4028,151,1237,208
"SMUGGLING OF PERSONS: FIREARM - 64110025","PC","20.05(b)(1)(D)",588,14,216,0,59,0
"SMUGGLING OF PERSONS: FLEEING - 64110026","PC","20.05(b)(1)(E)",770,12,579,31,156,5
"SMUGGLING OF PERSONS: LIKELIHOOD SBI OR DEATH - 64110002","PC","20.05(b)(1)(A)",445,17,320,13,129,7
"SMUGGLING OF PERSONS: MONETARY GAIN - 58990007","PC","20.05(c)(1)",17,1,21,0,1,0
"SMUGGLING OF PERSONS: PECUNIARY BENEFIT - 64110024","PC","20.05(b)(1)(C)",2414,35,1013,4,260,3
"SMUGGLING OF PERSONS: RELATIVE/FAMILY - 64110037","PC","20.05(b-2)",0,0,0,0,1,0
"SMUGGLING OF PERSONS: SBI OR DEATH - 58990008","PC","20.05(c)(2)",2,0,1,0,0,0
"SMUGGLING OF PERSONS: SBI OR DEATH - 64110005","PC","20.05(b)(2)(B)",76,11,54,3,17,0
"SMUGGLING OF PERSONS: UNDER 18 YOA - 64110003","PC","20.05(b)(1)(B)",598,8,302,9,102,2
"SMUGGLING OF PERSONS:BECAME SX ASSLT VICT IAT - 64110004","PC","20.05(b)(2)(A)",4,0,2,0,0,0
"SNAP UNAUTH POSS <$200 - 25890013","HRC","33.011(b)",4,0,3,0,6,0
"SNAP UNAUTH POSS >=$200 - 25890014","HRC","33.011(b)",0,0,10,0,16,0
"SNAP USE/ALTER/TRANSFER <$200 - 25890011","HRC","33.011(a)",3,0,3,0,8,0
"SNAP USE/ALTER/TRANSFER >=$200 - 25890012","HRC","33.011(a)",12,0,28,0,22,0
"SOLICIT PATIENTS W/PREV CONVIC - 73990539","OC","102.001",0,0,1,0,0,0
"SOLICIT PROST/OTHER PAYOR - 40040022","PC","43.021(b)",1836,1,1333,1,1101,1
"SOLICIT PROST/OTHER PAYOR PERSON UNDER 18YOA - 40040024","PC","43.021(b)(2)",52,0,81,1,72,1
"SOLICIT PROST/OTHER PAYOR W/PREV CONV - 40040023","PC","43.021(b)(1)",9,0,9,0,9,0
"SOLICIT PURCHASE REG MATERIAL UNAUTH LOCATION - 26990175","OC","1956.203(b)",1,0,1,0,1,0
"SOLICITATION OF CHILD - 72990011","PC","25.06(a)",0,0,1,0,2,0
"SOLICITATION OF PATIENTS - 51130004","OC","102.001(b)",0,0,0,0,1,0
"STALKING - 13160006","PRC","42.071(b)",3,0,4,0,3,0
"STALKING - 13160008","PC","42.072(b)",2,0,2,0,0,0
"STALKING - 13160010","PC","42.072",107,0,62,1,26,0
"STALKING - 13160014","PC","42.072(b)",902,9,1027,11,1175,9
"STALKING - 53000008","PC","42.07(a)(7)",0,0,2,0,0,0
"STALKING - 53990005","PC","42.07(a)(7)",1,0,0,0,0,0
"STALKING ENH - 13160007","PC","42.071(b)",0,0,1,0,1,0
"STALKING W/PREV CONV - 13160015","PC","42.072(b)",13,0,22,0,13,0
"STALKING W/PREV CONVIC - 13160011","PC","42.072",1,0,2,0,0,0
"STEALING/RECEIVING STOLEN CHECK - 23990234","PC","32.24(b)",0,0,0,0,16,0
"STEALING/RECEIVING STOLEN CHECK - 28030002","PC","32.24",45,0,72,0,38,0
"STOLEN PROPERTY CLASS C - 28999999","X","CLASS C",1,0,1,0,5,0
"STOLEN VEHICLE CLASS C - 24999999","X","CLASS C",1,0,0,0,3,0
"TAKE WEAPON FROM AN OFFICER - 52030021","PC","38.14",60,9,66,8,54,9
"TAKE WILDLIFE RESOURCES W/O CONSENT - 62990006","PWC","61.022(B)",57,0,56,0,76,0
"TAKING CERTAIN WILDLIFE RESOURSES W/O CONSENT - 62990007","PWC","61.022(C)",50,1,36,0,22,0
"TAKING WEAPON OR ATTEMPT FROM PEACE OFFICER - 52000004","PC","38.17",1,1,0,0,0,0
"TAKING WILDLIFE RESOURCES W/O CONSENT OF OWNER - 62990001","PWC","61.022",6,0,1,0,2,0
"TAKING WILDLIFE RESOURSES W/O CONSENT 2ND - 62990009","PWC","61.022(D)",0,0,4,0,1,0
"TAKING WILDLIFE RESOURSES W/O CONSENT 3RD - 62990010","PWC","61.022(E)",0,0,1,0,0,0
"TAKING/ATT  WEAPON  FROM PEACE OFFICER - 52990001","PC","38.14(b)",30,0,7,0,1,0
"TAKING/ATT WEAPON FROM AN OFFICER - 52990004","PC","38.14",0,0,1,0,0,0
"TAMP/FAB PHYS EVID W/INTENT IMPAIR HUM CORPSE - 73991058","PC","37.09(c)",97,1,81,3,85,4
"TAMPER W/ GOVT RECD DEFRAUD/HARM - 73990376","PC","37.10(a)",131,0,80,0,8,0
"TAMPER W/ IDENTIFICATION NUMBERS - 23990066","PC","31.11(a)",316,21,345,22,310,13
"TAMPER W/ WITNESS - 50060001","PC","36.05(a)",6,0,4,0,2,0
"TAMPER W/CERT/INSP/MAINTENANCE REPORT IAT - 73991077","PC","37.10(c)(2)(C)",6,0,8,0,1,0
"TAMPER W/DIRECT RECORD ELEC VOTE MACH-ATTEMPT - 73990618","PC","33.05(d)",1,0,0,0,0,0
"TAMPER W/ELECTR MONTR DEV INTENSE SUPERVISION - 50990057","PC","38.112(b)",9,0,47,2,41,3
"TAMPER W/ELECTRONIC MONITORING DEVICE - 50990056","PC","38.112(b)",56,2,286,25,355,31
"TAMPER W/GOV REC-INS DOC (A)(1,3,4,6) IAT - 73990628","PC","37.10(d)(2)",80,0,82,1,121,1
"TAMPER W/GOV REC-INS DOC (A)(2,5) IAT - 73990629","PC","37.10(d)(2)",43,0,32,0,36,1
"TAMPER W/GOV REC-INS DOC-DEFRAUD/HARM IAT - 73990630","PC","37.10(d)(3)",56,0,58,0,79,0
"TAMPER W/GOV SCHOOL RECORD LIC/SEAL/CERT/PERM - 73990619","PC","37.10(c)(2)",0,0,1,0,0,0
"TAMPER W/GOV SCHOOL RECORD LIC/SEAL/PERM IAT - 26990171","PC","37.10(c)(2)(A)",52,0,40,2,50,0
"TAMPER W/GOVERN RCD LIC/SEAL DEFRAUD/HARM IAT - 26990170","PC","37.10(c)(2)(A)",89,4,116,1,133,0
"TAMPER W/GOVERN RECORD DEFRAUD/HARM - 73990620","PC","37.10(c)(1)",358,2,301,0,360,2
"TAMPER W/GOVERN RECORD LIC/SEAL DEFRAUD/HARM - 73990621","PC","37.10(c)(2)",1,0,1,0,1,0
"TAMPER W/GOVERN RECORD W/INT MAKE GENUINE - 73990622","PC","37.10(c)(1)",38,0,53,0,38,1
"TAMPER W/GOVERNMENT RECORD - 73990623","PC","37.10(c)(1)",659,0,1016,3,1257,3
"TAMPER W/GOVERNMENT RECORD - BALLOT APP - 59990104","PC","37.10(c)(5)",1,0,1,0,13,0
"TAMPER W/GOVERNMENT RECORD-INSURANCE DOCS IAT - 73990627","PC","37.10(d)(1)",13,0,30,0,55,0
"TAMPER W/GOVERNMENT RECORDS W/INT MAKE GENUINE - 73990464","PC","37.1",10,0,7,0,1,0
"TAMPER W/GOVT RECORD TEMP VEH TAG - 25090005","PC","37.10(c)(6)",24,0,160,0,223,0
"TAMPER W/LOTTERY EQUIPMENT - 29010001","GC","466.309(a)",0,0,1,0,0,0
"TAMPER W/ODOMETER - 26990129","TRC","727.002",1,0,0,0,3,0
"TAMPER W/OIL/GAS RIGS TO LIMIT/CONTROL OPER - 73990272","NRC","85.389(a)",6,0,6,0,6,0
"TAMPER W/WRITTEN EVIDENTIARY REPORT IAT - 73991076","PC","37.10(c)(2)(B)",0,0,4,0,4,0
"TAMPER/CHANGE/MODIFY EQUIP - 23990078","PC","31.12(b)(3)",2,0,0,0,0,0
"TAMPER/CHANGE/MODIFY EQUIP REMUN - 23990079","PC","31.12(b)(3)",0,0,0,0,1,0
"TAMPER/FABRICATE PHYS EVID W/INTENT TO IMPAIR - 48040003","PC","37.09(c)",5487,227,6244,205,7281,211
"TAMPER/FABRICATE PHYS EVID W/INTENT TO IMPAIR - 73990412","PC","37.09(d)(1)",527,13,429,9,264,2
"TAMPER/FABRICATE PHYS EVID/FAILS REP HUMAN REM - 73990413","PC","37.09(d)(2)",29,4,22,3,23,1
"TAMPER/FABRICATE PHYSICAL EVIDENCE - 48040002","PC","37.09(a)",110,2,97,1,39,1
"TAMPERING W/ CONSUMER PROD - 73990277","PC","22.09(b)",2,2,2,4,7,1
"TAMPERING W/ CONSUMER PROD THREAT - 73990279","PC","22.09(c)",0,1,0,0,0,0
"TAMPERING W/ WARNING DEVICES - 73990392","TRC","472.021(c)",1,0,4,0,0,0
"TAMPERING W/GOVT RECD DEFRAUD/HARM - 73990366","PC","37.10(c)",1,0,0,0,0,0
"TAMPERING W/GOVT RECORD - WRITTEN APPRAISAL - 73991057","PC","37.10(c)(4)",8,0,12,0,13,0
"TAMPERING WITH A WITNESS - 48990012","PC","36.05(d)",53,0,75,3,77,2
"TAMPERING WITH A WITNESS FV CASE - 48990013","PC","36.05(e-1)",14,0,16,0,20,0
"TAMPERING WITH A WITNESS FV CASE WITH F1 CASE - 48990025","PC","36.05(e-1)(2)",5,0,3,0,7,0
"TAMPERING WITH A WITNESS FV CASE WITH F2 CASE - 48990026","PC","36.05(e-1)(2)",2,0,13,0,8,0
"TAMPERING WITH A WITNESS PART OF F1 PROCEEDING - 48990019","PC","36.05(d)",7,0,17,0,19,0
"TAMPERING WITH A WITNESS PART OF F2 PROCEEDING - 48990020","PC","36.05(d)",1,0,7,0,8,1
"TAMPERING WITH A WITNESS PART OF FS PROCEEDING - 48990021","PC","36.05(d)",3,0,2,0,3,0
"TAMPERING WITH A WITNESS PART OF FX PROCEEDING - 48990024","PC","36.05(d)",1,0,0,0,0,0
"TAMPERING WITH A WITNESS PART OF MA PROCEEDING - 48990022","PC","36.05(d)",1,0,2,0,0,0
"TAMPERING WITH GOVT REC-LIC,SEAL,CERTIF,PERMIT - 73990274","PC","37.10(d)",104,0,61,0,15,0
"TAMPERING WITH GOVT RECORD - 73990275","PC","37.10(a)",1196,1,338,0,9,0
"TAMPERING WITH GOVT RECORD LIC/SEALDEFRAUD/HAR - 73990276","PC","37.10(d)",167,0,88,0,6,0
"TAMPERING WITH IDENTIFICATION NUMBERS - 23000085","PC","31.11(a)",1,0,1,0,1,0
"TAMPERING WITH WITNESS - 50000005","PC","36.05",0,0,1,0,2,0
"TAMPERING WITH WITNESS FV CASE W/PREV FV CONV - 48990014","PC","36.05(e-2)",4,0,1,0,4,0
"TAMPERING/FABRICATING PHYSICAL EVIDENCE - 73990280","PC","37.09",81,0,38,1,20,1
"TATTOO/BODY PIERCING REGULATION REQUIREMENTS - 55990070","HSC","146.018(b)",8,3,6,1,11,0
"TATTOOS PROHIBITED FOR PERSONS UN/18YR - 55990008","HSC","146.012",0,0,0,0,1,0
"TAX REVENUE VIOL CLASS C - 61999999","X","CLASS C",0,0,0,0,1,0
"TECHNICIAN INTENTIONALLY FAIL TO REPORT IMAGE - 37990003","BCC","109.003(a)",2,0,0,0,1,0
"TELECOMM ACCESS DEVICE PUBLICATION ENH - 23990096","PC","33A.05(b)",1,0,0,0,0,0
"TELECOMM DEVICE MAN/POSS/DEL - 23990097","PC","33A.03",0,0,1,0,1,0
"TELECOMM SERVICE THEFT <$500 - 23990098","PC","33A.04(b)(1)",0,0,1,0,0,0
"TELECOMM SERVICE UNAUTH >=$500<$1500 - 23990107","PC","33A.02(2)(A)",0,0,0,0,2,0
"TEMP CARDBOARD TAG FOR DIST TO UNAUTH PERSON - 73991062","TRC","503.094(d)(3)",2,0,2,0,0,0
"TERR THREAT IMP PUB SERV/PUB FEAR SBI/INFLU GV - 16020014","PC","22.07(e)",176,266,260,333,250,210
"TERROR THREAT CAUSES PECUNIARY LOSS OF >$1500 - 16020013","PC","22.07(d)",5,0,5,1,7,1
"TERRORIS THREAT CAUSES PECUNIARY LOSS =>$1500 - 16020005","PC","22.07(a)(3)",63,1,2,0,0,0
"TERRORISM - 73990745","PC","76.02(b)",0,0,0,0,13,2
"TERRORISM - 73990746","PC","76.02(b)",0,0,3,1,8,0
"TERRORISM - 73990749","PC","76.02(b)",0,0,0,0,1,0
"TERRORISTIC THREAT - 16020000","PC","22.07(a)(1&2)",26,3,15,7,22,12
"TERRORISTIC THREAT - 16020003","PC","22.07(a)(1&2)",431,92,136,14,65,9
"TERRORISTIC THREAT AGAINST PEACE OFFICER/JUDGE - 16020015","PC","22.07(c-1)",464,23,611,31,646,38
"TERRORISTIC THREAT AGAINST PUBLIC SERVANT - 16020007","PC","22.07(c)(2)",58,13,25,4,7,3
"TERRORISTIC THREAT AGAINST PUBLIC SERVANT - 16020011","PC","22.07(c)(2)",221,103,270,157,284,135
"TERRORISTIC THREAT CAUSE FEAR OF IMMINENT SBI - 16020009","PC","22.07(c)",3167,840,3737,815,4007,806
"TERRORISTIC THREAT CAUSE IMPAIR PUB SERVICE - 16020002","PC","22.07(a)(4)",29,36,0,0,1,1
"TERRORISTIC THREAT IMPAIR PUBLIC/GOV SERVICE - 16020004","PC","22.07(a)(4-6)",11,7,7,9,2,2
"TERRORISTIC THREAT INTERRUPT PUBLIC PLACE - 16020001","PC","22.07(a)(3)",31,20,4,3,1,0
"TERRORISTIC THREAT INTERRUPT PUBLIC PLACE - 16020012","PC","22.07(d)",105,98,86,90,113,69
"TERRORISTIC THREAT OF FAMILY/HOUSEHOLD - 16020006","PC","22.07(b)",473,40,295,24,89,2
"TERRORISTIC THREAT OF FAMILY/HOUSEHOLD - 16020010","PC","22.07(c)(1)",3942,234,4106,290,4261,306
"TERRORISTIC THREAT REACTION EMERGENCY AGENCY - 16020008","PC","22.07(b)",87,82,103,75,92,85
"TEXAS ENGINEERING PRACTICE ACT - 26070109","VCS","3271A",1,0,0,0,0,0
"THEATER REGULATIONS DISCRIMINATION - 70990069","OC","2156.005",0,0,0,0,1,0
"THEFT < $20 BY CHECK - 23000014","PC","31.03(a)",1,0,1,0,0,0
"THEFT < $20 PB SERV - 23000015","PC","31.03(a)",1,0,1,0,0,0
"THEFT < $750 TWO OR MORE CONV ANY THEFT GRADE - 23000026","PC","31.03(a)",1,0,1,0,0,0
"THEFT <$1,500  2 OR MORE  CONV ANY THEFT PS - 23990023","PC","31.03(e)(4)(D)",2,0,3,0,1,0
"THEFT <$20 - 23000013","PC","31.03(a)",3,0,1,0,0,0
"THEFT <$20 PREV CONV ANY THEFT - 23990002","PC","31.03(e)(2)(B)",1,0,0,0,0,0
"THEFT <10 HEAD LIVESTOCK <$20K - 23990126","PC","31.03(e)(4)(B)",1,0,1,0,0,0
"THEFT <10 HEAD LIVESTOCK <$30K - 23990195","PC","31.03(e)(4)(A)",15,1,13,0,10,0
"THEFT <10 HEAD LIVESTOCK <$30K ENH IAT - 23990215","PC","31.03(f)",3,0,0,0,1,0
"THEFT <100 HEAD LIVESTOCK <$20K - 23990127","PC","31.03(e)(4)(A)",1,0,1,0,0,0
"THEFT >= $20 BUT < $200 - 23000018","PC","31.03(a)",5,1,1,1,0,2
"THEFT >= $20 BUT < $200 PB SERV - 23000020","PC","31.03(a)",3,0,2,0,0,0
"THEFT >= $200 BUT < $750 - 23000022","PC","31.03(e)(3)(A)",0,1,0,0,0,0
"THEFT >= $200 BUT < $750 BY CHECK - 23000023","PC","31.03(e)(3)(A)",3,0,1,0,0,0
"THEFT >= $750 BUT < $20K OR LIVESTOCK < $20K - 23000027","PC","31.03(a)",0,0,0,3,1,0
"THEFT >=$1,500 <$20K PB SERV - 23990018","PC","31.03(e)(4)(A)",1,0,0,0,1,2
"THEFT >=$100K - 23000041","PC","31.03(a)",0,0,0,0,1,0
"THEFT >=$100K <$200K PB SERV - 23990025","PC","31.03(e)(6)",0,0,1,0,0,0
"THEFT >=$20 <$500 - 23990001","PC","31.03(e)(2)(A)",11,0,3,0,4,0
"THEFT >=$20 <$500 BY CHECK PB SERV - 23990042","PC","31.03(e)(2)(A)",0,1,0,1,0,0
"THEFT >=$20 <$500 PB SERV - 23990015","PC","31.03(e)(2)(A)",3,0,0,0,0,0
"THEFT >=$20K <$100K PB SERV - 23990024","PC","31.03(e)(5)",1,0,0,0,0,0
"THEFT >=$500 <$1,500 BY CHECK PB SERV - 23990043","PC","31.03(e)(3)",0,0,0,0,1,0
"THEFT >=$750 <$20K/LVSTK < $20K BY CHK PB SERV - 23000030","PC","31.03(a)",1,1,0,0,0,0
"THEFT >=10 SHEEP/SWINE/GOAT <$150K - 23990200","PC","31.03(e)(5)(B)",1,0,0,0,0,0
"THEFT CATALYTIC CONVERTER <30K TO REPLACE - 23040001","PC","31.03(e)(4)(G)",20,0,21,0,53,2
"THEFT CATALYTIC CONVERTER W/FIREARM IAT - 23040002","PC","31.03(f-1)",2,0,2,0,2,0
"THEFT CATTLE/HORSE/EXOTIC LIVESTOCK <$100K - 23990140","PC","31.03(e)(5)(A)",0,1,3,0,0,0
"THEFT CATTLE/HORSE/EXOTIC LIVESTOCK <$100K ENH - 23990150","PC","31.03(f)",0,0,1,0,0,0
"THEFT CATTLE/HORSE/EXOTIC LIVESTOCK <$150K - 23990199","PC","31.03(e)(5)(A)",42,4,34,0,52,0
"THEFT CLASS C - 23999999","X","CLASS C",1623,0,2039,0,1940,1
"THEFT CONTROLLED SUBSTANCE <$150K - 28990017","PC","31.03(e)(5)(C)",18,0,14,0,17,0
"THEFT CPR/BRSS CRIT INFRA/EQUIP/COMM WIRES IAT - 23080001","PC","31.03(f-2)",0,0,0,0,2,0
"THEFT CTTLE/HRSE/EXOTIC LVSTOCK <$150K ENH IAT - 23990212","PC","31.03(f)",5,0,8,0,25,0
"THEFT FIREARM < $400 - 23000049","PC","31.03(a)",0,0,1,0,0,0
"THEFT FIREARM PUB SERV/ELDERLY - 23990091","PC","31.03(e)(1-6)",1,0,0,0,1,0
"THEFT FROM PERSON - 23000128","PC","31.03(e)(4)(B)",3,0,0,0,1,1
"THEFT FROM PERSON - 23990132","PC","31.03(e)(4)(B)",325,49,348,65,280,51
"THEFT FROM PERSON ENH IAT - 23990168","PC","31.03(f)",54,0,54,0,50,1
"THEFT LIVESTOCK <$100K - 23990071","PC","31.03(e)(5)",2,0,1,0,0,0
"THEFT LIVESTOCK <$20K PB SERV - 23990019","PC","31.03(e)(4)(A)",0,0,1,1,0,0
"THEFT MAIL <=5 NEGOTIABLE INSTR DISAB/ELD IAT - 23100005","PC","31.20(e-1)",0,0,0,0,1,0
"THEFT MATER ALUM/BRNZ/CPPR/BRSS <$20K ENH IAT - 23990210","PC","31.03(f)",19,0,49,0,42,0
"THEFT MATERIAL 50% ALUM/BRNZE/COPPER <$20K ENH - 23990152","PC","31.03(f)",1,0,0,0,3,0
"THEFT OF CARGO >=$1,500<$10,000 - 28990013","PC","31.18(c)(1)",3,0,2,0,7,0
"THEFT OF CARGO >=$10,000<$100K - 28990014","PC","31.18(c)(2)",11,0,26,0,14,0
"THEFT OF CARGO >=$100K<$200K - 28990015","PC","31.18(c)(3)",9,0,8,0,10,0
"THEFT OF CARGO >=$100K<$200K ENH IAT - 28990141","PC","31.18(e)",0,0,0,0,5,0
"THEFT OF CARGO >=$200K - 28990016","PC","31.18(c)(4)",0,0,8,0,7,0
"THEFT OF DL/COMM DL/ID CERTIFICATE - 23990144","PC","31.03(e)(2)(C)",31,2,33,1,43,2
"THEFT OF DL/COMM DL/ID CERTIFICATE ENH IAT - 23990148","PC","31.03(f)",1,0,1,0,5,1
"THEFT OF ELECTRONIC BALLOT/CARRIER ENVELOPE - 23990124","PC","31.03(e)(4)(E)",0,0,1,0,0,0
"THEFT OF FIREARM - 23990008","PC","31.03(e)(4)(C)",2540,327,2369,340,2016,267
"THEFT OF FIREARM ENH IAT - 23990154","PC","31.03(f)",13,3,45,5,33,6
"THEFT OF MAIL <=5 NEGOTIABLE INSTRUMENTS IAT - 23100001","PC","31.20(d-1)(1)",0,0,0,0,2,0
"THEFT OF MAIL >5<10 NEGOTIABLE INSTRUMENTS IAT - 23100002","PC","31.20(d-1)(2)",0,0,0,0,1,0
"THEFT OF MATERIAL ALUM/BRNZ/COPPER/BRASS <$20K - 23990197","PC","31.03(e)(4)(F)",470,0,645,1,695,1
"THEFT OF MATERIAL ALUM/BRNZE/COPPER/BRASS<$20K - 23990143","PC","31.03(e)(4)(F)",56,0,11,2,3,0
"THEFT OF PETRO PROD OIL/GAS EQUIP >=$10K<$100K - 23990229","PC","31.19(d)(2)",0,0,0,0,2,0
"THEFT OF PETROLEUM PROD OR OIL/GAS EQUIP <$10K - 23990228","PC","31.19(d)(1)",0,0,0,0,17,0
"THEFT OF PETROLEUM PRODUCT <$10K - 23990217","PC","31.19(d)(1)",68,0,47,0,50,1
"THEFT OF PETROLEUM PRODUCT >=$100K<$300K - 23990219","PC","31.19(d)(3)",1,0,0,0,3,0
"THEFT OF PETROLEUM PRODUCT >=$10K<$100K - 23990218","PC","31.19(d)(2)",17,0,10,0,14,0
"THEFT OF PETROLEUM PRODUCT >=$300K - 23990220","PC","31.19(d)(4)",1,0,5,0,6,0
"THEFT OF SERV >= $750 < $20K BY CHECK PB SERV - 23000078","PC","31.04(a)",0,0,0,0,1,0
"THEFT OF SERV >=$1,500 <$20K - 23990029","PC","31.04(e)(4)",4,0,1,0,0,0
"THEFT OF SERV >=$100<$750 - 23990178","PC","31.04(e)(2)",494,25,468,21,480,26
"THEFT OF SERV >=$150K<$300K - 23990182","PC","31.04(e)(6)",4,0,6,0,4,0
"THEFT OF SERV >=$2,500<$30K - 23990180","PC","31.04(e)(4)",246,3,254,2,258,5
"THEFT OF SERV >=$20 <$500 - 23990027","PC","31.04(e)(2)",4,0,3,0,5,0
"THEFT OF SERV >=$20K <$100K - 23990030","PC","31.04(e)(5)",1,0,1,0,0,0
"THEFT OF SERV >=$300K - 23990183","PC","31.04(e)(7)",2,0,1,0,3,0
"THEFT OF SERV >=$30K<$150K - 23990181","PC","31.04(e)(5)",39,0,47,1,35,0
"THEFT OF SERV >=$500< $1,500 - 23990028","PC","31.04(e)(3)",3,0,2,0,3,0
"THEFT OF SERV >=$750<$2,500 - 23990179","PC","31.04(e)(3)",210,0,227,9,174,2
"THEFT OF SERVICE >= $20 BUT < $200 - 23000067","PC","31.04(a)",0,0,1,0,0,0
"THEFT OF SERVICE >= $200 BUT < $750 BY CHECK - 23000072","PC","31.04(a)",0,0,1,0,0,0
"THEFT OF TRADE SECRETS - 23000084","PC","31.05",0,0,0,0,1,0
"THEFT OF TRADE SECRETS - 23990065","PC","31.05",0,0,2,0,6,0
"THEFT OYSTERS FROM PRIVATE BED 2+ PREV CONV - 23990147","PWC","76.040(d)",0,0,0,0,1,0
"THEFT PROP $1500<$20K ENH - 23990157","PC","31.03(f)",4,0,1,0,0,0
"THEFT PROP $20<$500 BY CHECK ENH - 23990158","PC","31.03(f)",1,0,1,0,0,0
"THEFT PROP $500<$1500 ENH - 23990160","PC","31.03(f)",1,0,1,0,3,0
"THEFT PROP $50<$500 ENH - 23990159","PC","31.03(f)",2,0,0,0,1,0
"THEFT PROP < $200K ATM - 23990177","PC","31.03(e)(6)(B)",12,1,11,0,0,1
"THEFT PROP <$100 ENH IAT - 23990205","PC","31.03(f)",112,4,157,6,180,7
"THEFT PROP <$100 W/PREV CONVIC - 23990192","PC","31.03(e)(2)(B)",1315,0,1597,0,1395,0
"THEFT PROP <$100 W/PREV CONVIC ENH IAT - 23990206","PC","31.03(f)",61,1,85,0,73,0
"THEFT PROP <$1500 2+ CONV ENH - 23990163","PC","31.03(f)",7,0,6,0,0,0
"THEFT PROP <$1500 2/MORE PREV CONV - 23990009","PC","31.03(e)(4)(D)",662,0,353,0,15,0
"THEFT PROP <$2,500  2/MORE PREV CONV - 23990196","PC","31.03(e)(4)(D)",8300,0,9606,0,10620,1
"THEFT PROP <$20 BY CHECK ENH - 23990155","PC","31.03(f)",1,0,2,0,0,0
"THEFT PROP <$20 BY CHECK PUB SERV/ELDERLY - 23990082","PC","31.03(e)(1-6)",0,0,1,0,0,0
"THEFT PROP <$2500 2+ CONV ENH IAT - 23990209","PC","31.03(f)",205,1,257,0,269,1
"THEFT PROP <$300K ATM - 23990202","PC","31.03(e)(6)(B)",78,1,60,0,52,0
"THEFT PROP <$300K ATM ENH IAT - 23990216","PC","31.03(f)",3,0,1,1,5,0
"THEFT PROP <$50 ENH - 23990156","PC","31.03(f)",1,0,0,0,0,0
"THEFT PROP <$50 PUB SERV/ELDERLY - 23990081","PC","31.03(e)(1-6)",1,0,0,0,0,0
"THEFT PROP <$50 W/PREV CONVIC - 23990069","PC","31.03(e)(2)(BI)",101,0,54,1,2,0
"THEFT PROP <$50 W/PREV CONVIC ENH - 23990164","PC","31.03(f)",201,0,139,0,12,0
"THEFT PROP >$50 <$500 PUB SERV/ELDERLY - 23990083","PC","31.03(e)(1-6)",1,0,0,0,1,0
"THEFT PROP >=$100<$750 - 23990191","PC","31.03(e)(2)(A)",22209,1415,22297,1307,19943,1156
"THEFT PROP >=$100<$750 ENH IAT - 23990204","PC","31.03(f)",251,8,277,6,294,3
"THEFT PROP >=$100K < $200K - 23990011","PC","31.03(e)(6)",1,0,4,0,0,0
"THEFT PROP >=$100K<$200K - 23990176","PC","31.03(e)(6)(A)",2,0,1,0,0,0
"THEFT PROP >=$100K<$200K ENH - 23990161","PC","31.03(f)",2,0,0,0,0,0
"THEFT PROP >=$1500 < $20K - 23990004","PC","31.03(e)(4)(A)",62,3,28,6,29,2
"THEFT PROP >=$150K<$300K - 23990201","PC","31.03(e)(6)(A)",154,3,190,0,192,3
"THEFT PROP >=$150K<$300K ENH IAT - 23990214","PC","31.03(f)",14,0,13,0,29,0
"THEFT PROP >=$2,500<$30K - 23990194","PC","31.03(e)(4)(A)",7170,433,7305,518,6789,473
"THEFT PROP >=$20 <$500 BY CHECK - 23990033","PC","31.03(e)(2)(AII)",56,0,39,0,31,0
"THEFT PROP >=$200K - 23990013","PC","31.03(e)(7)",2,0,0,0,0,0
"THEFT PROP >=$20K < $100K - 23990010","PC","31.03(e)(5)",51,3,35,1,7,1
"THEFT PROP >=$20K<$100K ENH - 23990162","PC","31.03(f)",2,0,1,0,0,0
"THEFT PROP >=$20K<$100K PUB SERV/ELDERLY - 23990092","PC","31.03(e)(1-6)",0,0,1,0,1,0
"THEFT PROP >=$2500<$30K ENH IAT - 23990208","PC","31.03(f)",267,5,253,5,288,3
"THEFT PROP >=$300K - 23990203","PC","31.03(e)(7)",150,0,186,1,196,0
"THEFT PROP >=$30K<$150K - 23990198","PC","31.03(e)(5)",1983,71,2246,101,2097,84
"THEFT PROP >=$30K<$150K ENH IAT - 23990211","PC","31.03(f)",108,0,154,1,108,0
"THEFT PROP >=$750<$2,500 - 23990193","PC","31.03(e)(3)",5250,284,5415,266,5083,279
"THEFT PROP >=$750<$2500 ENH IAT - 23990207","PC","31.03(f)",182,0,188,2,191,1
"THEFT PROP GRAVE/CORPSE/MILITARY MKR ENH IAT - 23990149","PC","31.03(f)",0,0,1,0,0,0
"THEFT PROP GRAVE/HUMAN CORPSE - 23990006","PC","31.03(e)(4)(B)",1,0,1,0,0,1
"THEFT PROP GRAVE/HUMAN CORPSE/MILITARY MARKER - 23990142","PC","31.03(e)(4)(B)",23,0,6,0,7,0
"THEFT PROP<$1500 2+CONV PUB SERV/ELDERLY - 23990114","PC","31.03(e)(1-6)",2,0,0,0,0,0
"THEFT PROP<$20K PUB SERV/ELDERLY - 23990088","PC","31.03(e)(1-6)",0,0,1,0,0,1
"THEFT PROP>$1500 <$20K PUB SERV/ELDERLY - 23990087","PC","31.03(e)(1-6)",2,0,1,0,0,0
"THEFT PROP>=$50 < $500 - 23990067","PC","31.03(e)(2)(AI)",31,6,37,6,8,2
"THEFT PROP>=$500 < $1500 - 23990003","PC","31.03(e)(3)",227,20,131,3,42,4
"THEFT PROPERTY >=$100K <$200K BY CHECK - 23990039","PC","31.03(e)(6)",1,0,0,0,0,0
"THEFT PROPERTY >=$1500<$20K BY CHECK - 23990035","PC","31.03(e)(4)",2,0,1,0,0,0
"THEFT PROPERTY >=$500 <$1500 BY CHECK - 23990034","PC","31.03(e)(3)",1,0,0,0,0,0
"THEFT TAMPER W/MULTICHANNEL VIDEO REMUN - 23990116","PC","31.12",0,0,0,0,1,0
"THEFT WIRE/CBLE 50% ALUM/BRNZE/COPPER <$20,000 - 23990137","PC","31.03(e)(4)(F)",2,0,6,0,2,0
"THEFT-MAIL <=10 ADDRESSES - 23160001","PC","31.20(c)(1)",563,54,562,55,587,40
"THEFT-MAIL =10<30 ADDRESSES - 23160002","PC","31.20(c)(2)",69,1,98,0,98,0
"THEFT-MAIL =>30 ADDRESSES - 23160003","PC","31.20(c)(3)",43,0,60,0,63,0
"THEFT-MAIL ID INFO <=10 ADDRESSES ENH IAT - 23160008","PC","31.20(e)",1,0,4,0,2,0
"THEFT-MAIL ID INFO <=10 ADDRESSES IAT - 23160004","PC","31.20(d)(1)",19,0,17,0,12,2
"THEFT-MAIL ID INFO =10<20 ADDRESSES ENH IAT - 23160009","PC","31.20(e)",0,0,1,0,1,0
"THEFT-MAIL ID INFO =10<20 ADDRESSES IAT - 23160005","PC","31.20(d)(2)",7,0,5,0,5,0
"THEFT-MAIL ID INFO =20<50 ADDRESSES ENH IAT - 23160010","PC","31.20(e)",2,0,1,0,1,0
"THEFT-MAIL ID INFO =20<50 ADDRESSES IAT - 23160006","PC","31.20(d)(3)",4,0,9,0,6,0
"THEFT-MAIL ID INFO =>50 ADDRESSES IAT - 23160007","PC","31.20(d)(4)",19,0,17,0,13,0
"THEFT/TAMPER MULTICHANNEL REMUNERATION W/2+CON - 23990139","PC","31.12(d)(2)",2,0,1,0,1,0
"THEFT: ACQUISITION OF FINANCIAL INFORMATION - 26990180","PC","31.17(c)",2,0,2,1,4,0
"THEFT: TRANSFER OF FINANCIAL INFORMATION - 26990181","PC","31.17(c)",3,0,0,0,0,0
"THEFT>=$20<$500 BY CHECK - 23990076","PC","31.03(e)(2)(A)",1,0,3,0,6,0
"THREAT CLASS C - 16029999","X","CLASS C",592,0,548,0,477,0
"THREAT EXHBT/USE FIREARM SCHOOL/BUS W/POSS/ACC - 52120008","EDC","37.125(b)",2,17,5,21,3,12
"THREATEN EXHIBIT/USE FIREARM SCHOOL/BUS - 16020016","EDC","37.125(c)",17,251,21,343,21,295
"TIMBER TRUSTEE DEFRAUD >=$500<$20K IAT - 26020013","NRC","151.105(d)(1)",1,0,1,0,2,0
"TRADEMARK COUNTERFEITING >=$100<$750 - 25990021","PC","32.23(e)(2)",6,0,9,0,13,0
"TRADEMARK COUNTERFEITING >=$1500<$20K - 25990004","PC","32.23(e)(4)",1,0,0,0,0,0
"TRADEMARK COUNTERFEITING >=$150K<$300K - 25990025","PC","32.23(e)(6)",4,0,7,0,2,0
"TRADEMARK COUNTERFEITING >=$2,500<$30K - 25990023","PC","32.23(e)(4)",27,1,13,0,16,0
"TRADEMARK COUNTERFEITING >=$300K - 25990026","PC","32.23(e)(7)",4,0,4,0,2,0
"TRADEMARK COUNTERFEITING >=$30K<$150K - 25990024","PC","32.23(e)(5)",7,0,9,0,10,0
"TRADEMARK COUNTERFEITING >=$500<$1500 - 25990003","PC","32.23(e)(3)",0,0,0,0,0,1
"TRADEMARK COUNTERFEITING >=$750<$2,500 - 25990022","PC","32.23(e)(3)",6,0,6,0,12,0
"TRAF PER SCHL/DET/COR/SHTR/COM CNT/CHLD-CR IAT - 64110036","PC","20A.02(b-1)",0,0,0,0,1,0
"TRAFFIC CHILD/DISABLED INDV PROST/FORCED LABOR - 64110031","PC","20A.02(b)(1)",2,0,11,0,6,0
"TRAFFIC CHLD/DISABLE INDV ENGAGE CNDCT/SEX/BEN - 64110030","PC","20A.02(a)(8)",1,0,15,0,10,1
"TRAFFIC IN TEACHER'S CERTIFICATE EXAMINATION - 26000126","EDC","4.12",0,0,1,0,0,0
"TRAFFIC OF PERSONS <18 PROST/FORCED LABOR - 64110019","PC","20A.02(b)(1)",18,0,3,0,2,0
"TRAFFIC OFFENSE CLASS C - 54999999","X","CLASS C",20989,0,22205,0,24043,0
"TRAFFICK A CHILD W/INTENT FORCED LABOR BENEFIT - 64110015","PC","20A.02(a)(6)",1,0,1,0,0,0
"TRAFFICK CHILD/DISABLED INDV ENGAGE CNDCT/SEXL - 64110029","PC","20A.02(a)(7)",10,0,74,1,70,0
"TRAFFICK CHILD/DISABLED INDV INT FRC LBR BENEF - 64110028","PC","20A.02(a)(6)",0,0,3,0,0,0
"TRAFFICK CHILD/DISABLED INDV W/INT FORCE LABOR - 64110027","PC","20A.02(a)(5)",1,0,7,0,3,0
"TRAFFICKING A PERSON CAUSING SBI OR DEATH - 64110032","PC","20A.02(b)(2)",0,0,1,0,0,0
"TRAFFICKING CHILD ENGAGE CONDUCT/SEX/BENEFIT - 58990015","PC","20A.02(a)(8)",1,0,1,0,0,0
"TRAFFICKING CHILD ENGAGE CONDUCT/SEX/BENEFIT - 64110017","PC","20A.02(a)(8)",3,0,2,0,0,0
"TRAFFICKING CHILD ENGAGE CONDUCT/SEXUAL - 58990014","PC","20A.02(a)(7)",18,0,5,0,4,0
"TRAFFICKING CHILD ENGAGE CONDUCT/SEXUAL - 64110016","PC","20A.02(a)(7)",34,0,13,0,3,0
"TRAFFICKING CHILD WITH INTENT FORCED LABOR - 58990012","PC","20A.02(a)(5)",0,0,1,0,0,0
"TRAFFICKING CHILD WITH INTENT FORCED LABOR - 64110014","PC","20A.02(a)(5)",1,0,0,0,0,0
"TRAFFICKING OF PERSON - 58990002","PC","20A.02(b)",4,0,3,0,2,0
"TRAFFICKING OF PERSON - 64110018","PC","20A.02(b)",38,0,42,0,32,0
"TRAFFICKING OF PERSON - 64110046","PC","20A.02(b)",0,0,0,0,8,0
"TRAFFICKING OF PERSONS <18 PROST/FORCED LABOR - 58990005","PC","20A.02(b)(1)",3,0,5,0,2,0
"TRAFFICKING OF PERSONS: CONTINUOUS - 58990009","PC","20A.03(e)",4,0,5,0,6,0
"TRAFFICKING OF PERSONS: CONTINUOUS - 64110021","PC","20A.03(e)",26,1,26,0,28,0
"TRAFFICKING PERSON ENGAGE CONDUCT/SEX/BENEFIT - 58990011","PC","20A.02(a)(4)",0,0,1,0,1,0
"TRAFFICKING PERSON ENGAGE CONDUCT/SEX/BENEFIT - 64110013","PC","20A.02(a)(4)",7,0,4,0,12,0
"TRAFFICKING PERSON ENGAGE CONDUCT/SEXUAL - 58990010","PC","20A.02(a)(3)",0,0,2,0,0,0
"TRAFFICKING PERSON ENGAGE CONDUCT/SEXUAL - 64110012","PC","20A.02(a)(3)",22,0,14,0,11,0
"TRAFFICKING PERSON FROM SHELTER - 64110035","PC","20A.02(b)(4)(C)",0,0,1,0,0,0
"TRAFFICKING PERSON IMPEDE BREATING/CIRCULATION - 64110034","PC","20A.02(b)(4)(B)",0,0,2,0,1,0
"TRAFFICKING PERSON YOUNGER THAN 17 YOA - 58990003","PC","20A.02",1,0,0,0,0,0
"TRANSFER PRODUCT CONTAINING EPHEDRINE ENH - 54020003","HSC","431.022",0,0,0,0,1,0
"TRANSFER RECEIPT CHEMICAL LAB APPARATUS ENH - 35500019","HSC","481.138",0,0,0,0,1,0
"TRANSPORT ANIMALS W/ FORGED PERMIT - 25000001","AGC","146.008",0,0,1,0,0,0
"TRANSPORT ANIMALS W/FORGED OR W/O PERMIT - 25090002","AGC","146.008",0,0,0,0,38,0
"TRANSPORT HOUSE GOODS W/O REG PREV CONV - 73990191","TRC","643.253(e)(1)",0,2,0,0,0,0
"TRAP TRANSPORT/TRANSPLANT ANIMALS W/O PERMIT - 55990082","PWC","43.062(a)",8,0,2,0,242,0
"TRESSPASS/HOLDER OF CONCEALED HANDGUN LICENSE - 52990007","PC","30.06(d)",0,0,2,0,0,0
"TRESSPASS/HOLDER OF CONCEALED WEAPON LICENSE - 57070013","PC","31.03(F)",1,0,0,0,0,0
"UNAUTH ABSENCE COMMUNITY CORRECTION FACILITY - 50130001","PC","38.113(A)",157,0,147,2,146,0
"UNAUTH ABSENCE FROM COMMUNITY CORR - 49990005","PC","38.113(a)",98,0,135,0,55,0
"UNAUTH COMMUNICATION OF PRESCRIPTION ENH - 35990094","HSC","483.048(b)",1,0,0,0,0,0
"UNAUTH CONTRACT W/BAIL BOND SURETY - 73990601","OC","1702.3863",0,0,0,0,2,0
"UNAUTH DISCHARGE RECKLESS ENDANGER DEATH/SBI - 62050094","WC","7.154(b)",0,0,0,0,1,0
"UNAUTH DISCL INFO FROM TRIPL PERSCRIP - 35990241","HSC","481.127(b)",0,0,1,0,0,0
"UNAUTH DISPOSAL OF LEAD-ACID BATT - 62050055","WC","7.185",3,0,4,0,1,0
"UNAUTH EMP OF PRIVATE INV/SECURITY AGENCY - 26070127","OC","1702.386",4,0,0,0,3,0
"UNAUTH OPERATION RECORDING DEVICE IN THEATER - 28990006","BCC","641.053(c)",0,0,1,0,0,0
"UNAUTH PERSON I/K SELL LOTTERY TICKET - 39180010","GC","466.303(c)",0,0,1,0,0,0
"UNAUTH POSS CATALYTIC CONVERTER - 23040003","PC","31.21(d)",19,0,87,0,73,0
"UNAUTH POSS CATLYTC CNVRTR PREV/CONSP/GUN IAT - 23040004","PC","31.21(e)",11,0,2,0,1,0
"UNAUTH POSS CERTAIN COPPER/BRASS MATERIAL - 71990045","PC","31.22(e)",0,0,0,0,40,0
"UNAUTH POSS CERTAIN CPR/BRSS MAT W/PREV IAT - 71990046","PC","31.22(f)(2)",0,0,0,0,3,0
"UNAUTH POSS COPPER/BRASS MAT CRIT INFRA IAT - 23080002","PC","31.22(f)(1)",0,0,0,0,1,0
"UNAUTH RELEASE OF BODY WORN CAMERA RECORDING - 57990058","OC","1701.659(b)",0,0,2,0,1,0
"UNAUTH SELLER/DISTRIBUTOR TEMPORARY TAGS - 26990166","TRC","503.094(d)(2)",0,0,0,0,2,0
"UNAUTH USE DPS NAME/INSIGNIA/DIVISION NAME - 26070168","GC","411.017(a)",1,0,0,0,1,0
"UNAUTH USE OF ""OCCUP THERAPIST"" OR LIKE TITLE - 26040024","VCS","8851-28(c)",0,0,1,0,0,0
"UNAUTH USE OF VEHICLE - 24110003","PC","31.07",11369,1784,9925,1437,8401,1081
"UNAUTH USE TV OR CABLE EQUIP - 23000088","PC","31.12",0,1,0,0,0,0
"UNAUTH USE/DISCLOSURE CCH INFO - 57990014","GC","411.085(A)",1,0,1,0,2,0
"UNAUTHORIZED DISCHARGE - 62050019","WC","7.147(c)",3,0,7,0,7,0
"UNAUTHORIZED DISCHARGE - 73991035","WC","7.147",0,0,2,0,1,0
"UNAUTHORIZED DISCHARGE INTENTIONAL/KNOWING - 62050043","WC","7.153(b)",0,0,1,0,0,0
"UNAUTHORIZED INSURANCE BUSINESS - 26990162","IC","101.106",0,0,3,0,1,0
"UNAUTHORIZED INSURANCE BUSINESS - 26990241","IC","101.106(b)",4,0,3,0,0,0
"UNAUTHORIZED PRACTICE OF LAW - 26040027","PC","38.123",1,0,0,0,0,0
"UNAUTHORIZED USE OF MOTOR VEHICLE - 24110001","PC","31.07",52,20,41,22,25,20
"UNAUTHORIZED USE OF PERMIT - 41990003","ABC","11.05",2,0,1,0,0,0
"UNL ABORTION/HEALTH FACILITY REPORTS - 14990001","HSC","245.011",0,0,1,0,0,0
"UNL CARRY HANDGUN LIC HOLD - 52020001","PC","46.035(A,B,C,D,E)",12,0,4,0,1,0
"UNL CARRY HANDGUN LIC HOLDER - 52020005","PC","46.035(g)",15,1,8,0,6,0
"UNL CARRY HANDGUN LIC HOLDER ALCH PREM/COR FAC - 52020006","PC","46.035(g)",2,0,0,0,0,0
"UNL CARRY HANDGUN LIC HOLDER IAT WFZ 46.035 - 52990015","PC","46.11(a)",9,0,2,0,7,0
"UNL CARRY WEAPON ALCH PREMISES IAT WFZ 46.02 - 52990013","PC","46.11(a)",21,1,8,1,13,1
"UNL CARRY WEAPON CERTAIN PROHIBITED PLACES - 52030035","PC","46.03(g-2)",60,5,81,15,118,12
"UNL CARRY WEAPON CRTN PROH PLCES IAT WFZ 46.03 - 52030040","PC","46.11(a)",0,0,2,4,3,9
"UNL CARRY WEAPON KNIFE IAT WFZ 46.03 - 52990017","PC","46.11(a)",1,1,1,0,0,1
"UNL CARRY WEAPON KNIFE SCHOOL/EDU RELATED - 52030028","PC","46.03(g-1)",11,16,9,25,8,24
"UNL CARRY WEAPON PROHIBIT PLACES IAT WFZ 46.03 - 52990014","PC","46.11(a)",11,21,19,13,17,15
"UNL CARRY WEAPON W/ FELONY CONV - 52030036","PC","46.02(e)(1)",1338,1,1166,1,1045,0
"UNL CARRY WEAPON W/ FELONY CONV IAT WFZ 46.02 - 52030038","PC","46.11(a)",0,0,0,0,9,0
"UNL CARRY WEAPON W/ MISD FV CONV - 52030037","PC","46.02(e)(2)",73,1,54,2,62,0
"UNL CARRY WEAPON W/ MISD FV CONV IAT WFZ 46.02 - 52030039","PC","46.11(a)",0,0,3,1,3,1
"UNL CARRY WEAPON/WEAPONS FREE ZONE - 52030018","PC","46.11",4,4,3,1,5,1
"UNL CARRYING WEAPON - 52030027","PC","46.02(b)",19144,1036,18997,992,19321,919
"UNL CARRYING WEAPON IAT WFZ 46.02 - 52990012","PC","46.11(a)",38,12,28,4,29,11
"UNL CARRYING WEAPON ON ALCOHOL PREMISES - 52030014","PC","46.02(f)",4,0,3,0,4,0
"UNL CARRYING WEAPON ON ALCOHOL PREMISES - 52990010","PC","46.02(c)",1,0,4,1,2,0
"UNL CARRYING WEAPON PROHIBITED PLACES - 52030009","PC","46.03",70,36,50,10,6,1
"UNL CARRYING WEAPON PROHIBITED PLACES - 52030029","PC","46.03(g)",308,131,298,128,333,103
"UNL CRRY HG LIC HLDR ALCH PREM/COR FAC IAT WFZ - 52990016","PC","46.11(a)",1,0,1,0,0,0
"UNL INSTALLATION OF TRACKING DEVICE - 57990018","PC","16.06",131,0,142,0,191,0
"UNL INTER/USE/DISC WIRE/ORAL ELEC COMMUNICATE - 57990025","PC","16.02",30,0,33,1,33,1
"UNL INTER/USE/DISC WIRE/ORAL ELEC COMMUNICATE - 57990026","PC","16.02 (d,g)",4,0,0,0,3,0
"UNL MAN DANGEROUS DRUG - 35990079","HSC","483.043(a)",4,1,0,0,4,0
"UNL POSS DANGEROUS DRUG - 35990076","HSC","483.041(a)",35,3,67,3,41,4
"UNL POSS FIREARM BY FELON - 52030012","PC","46.04",34,0,33,0,19,0
"UNL POSS FIREARM BY FELON - 52030024","PC","46.04(a)",2022,0,702,0,199,0
"UNL POSS FIREARM BY FELON - 52120009","PC","46.04(e)",4953,3,5776,7,5850,2
"UNL POSS FIREARM BY FELON IAT WFZ 46.04 - 52120011","PC","46.11(a)",41,0,51,0,61,0
"UNL POSS FIREARM BY FELON WEAPONS FREE ZONE - 52120006","PC","46.11",1,0,0,0,0,0
"UNL POSS FIREARM BY FELON WEAPONS FREE ZONE - 52120007","PC","46.11",3,0,2,0,1,0
"UNL POSS FIREARM FAM/HOUSE/COURT ORDER/GANG - 52120013","PC","46.04(e)",215,3,229,5,229,6
"UNL POSS FIREARM FAMILY/HOUSEHOLD/COURT ORDER - 52120010","PC","46.04(e)",3,0,6,0,2,0
"UNL POSS FIREARM INVOLVING FAMILY/HOUSEHOLD - 52030023","PC","46.04(b)(c)",10,0,3,0,0,0
"UNL POSS FRARM FAM/HSHLD/CRT ORD IAT WFZ 46.04 - 52120012","PC","46.11(a)",2,0,0,0,4,0
"UNL POSS METAL OR BODY ARMOR BY FELON - 52030020","PC","46.041",19,0,9,0,6,0
"UNL POSS METAL OR BODY ARMOR BY FELON - 73990709","PC","46.041(c)",82,0,120,0,103,0
"UNL POSS METAL/BODY ARMOR FELON IAT WFZ 46.041 - 73990710","PC","46.11(a)",1,0,4,0,3,1
"UNL POSS/USE SUBST CONTAIN VOLATILE CHEM - 35990104","HSC","484.003(a)",1,0,1,0,0,0
"UNL RESTRAINT OF PUBLIC SERVANT - 70990073","PC","20.02",10,1,1,3,0,3
"UNL RESTRAINT WHILE IN CUSTODY - 56990007","PC","20.02(c)(2)(C)",7,0,2,0,1,0
"UNL RESTRAINT WHILE IN CUSTODY/COMMITTED FACIL - 56990016","PC","20.02(c)(2)(C)",6,0,3,0,2,0
"UNL REVEALING INFO BEFORE POLLS CLOSE - 59990045","EC","61.007",1,0,0,0,0,0
"UNL TRANSF HANDGUN UNDER 18YOA IAT WFZ 46.06 - 52170007","PC","46.11(a)",0,0,0,1,1,0
"UNL TRANSF OF CERTAIN WEAPONS - 52140004","PC","46.06",1,0,1,0,0,0
"UNL TRANSF OF CERTAIN WEAPONS - 52170003","PC","46.06(d)",5,0,2,0,5,0
"UNL TRANSF OF CERTAIN WEAPONS IAT WFZ 46.06 - 52170008","PC","46.11(a)",2,0,1,0,4,0
"UNL TRANSFER:HANDGUN - 52140005","PC","46.06(d)",1,0,0,0,0,0
"UNL TRANSPORT OF PERSON FOR PECUNIARY BENEFIT - 58990001","PC","20.05",16,0,0,0,0,0
"UNL USE OF CRIMINAL INSTRUMENT - 22060001","PC","16.01(a)(1)",197,16,228,29,244,20
"UNL USE OF CRIMINAL INSTRUMENT - 22060004","PC","16.01(a)(1)",156,23,201,20,211,11
"UNL USE OF CRIMINAL INSTRUMENT - 22060005","PC","16.01(a)(1)",59,5,90,4,96,5
"UNL USE OF CRIMINAL INSTRUMENT - 22060006","PC","16.01(a)(1)",22,1,33,1,56,2
"UNL USE OF CRIMINAL INSTRUMENT - 22060009","PC","16.01(a)(2)",220,16,255,9,243,22
"UNL USE PUBLIC FUNDS FOR POLITICAL ADVERTISING - 26990111","EC","255.003",0,0,1,0,0,0
"UNLAW CONDUCT MAIL RECEPT KEY/LOCK W/PREV IAT - 29030021","PC","32.56(c)",0,0,0,0,2,0
"UNLAW DISC ADDRESS/TELEPHONE NUMBER BODILY INJ - 13160024","PC","42.074(b)",0,0,0,0,1,0
"UNLAW PRACT DENTISTRY W/O LICENSE ENH - 73990292","VCS","4548a",0,0,1,0,0,0
"UNLAW PROD/DISTR DEEP FAKE SEX EXPLICIT MEDIA - 37990014","PC","21.165(c)",0,0,0,0,0,1
"UNLAW PROD/DISTR DEEP FAKE SEX EXPLICIT VIDEO - 36990037","PC","21.165(c)",0,1,0,3,2,3
"UNLAWFUL ADMINISTRATION OF MEDICATION - 55030001","HSC","242.158(a)",0,0,1,0,0,0
"UNLAWFUL CARRIER ENVELOPE ACT/ASSIST VOTER IAT - 59990093","EC","86.0051(d)",0,0,0,0,1,0
"UNLAWFUL CARRYING WEAPON - 52030003","PC","46.02(a)",1278,50,679,11,240,11
"UNLAWFUL CARRYING WEAPON AIRPORT - 52030004","PC","46.12",1,0,0,0,0,0
"UNLAWFUL CARRYING WEAPON ON ALCOHOL PREMISES - 52030005","PC","46.02(c)",1,0,0,0,1,0
"UNLAWFUL CARRYING WEAPON RESTRICTED PREMISES - 52030006","PC","46.04",1,0,2,0,0,0
"UNLAWFUL CONDUCT MAIL RECEPTACLE KEY OR LOCK - 29030020","PC","32.56(c)",0,0,0,0,33,0
"UNLAWFUL DECRYPTION KNOW PRIV >=$30K<$150K IAT - 57060015","PC","33.024(b-2)(3)(A)",0,0,0,0,1,0
"UNLAWFUL DISCLOSURE ADDRESS/TELEPHONE NUMBER - 13160023","PC","42.074(b)",2,0,14,2,19,2
"UNLAWFUL DISPENSE DANGEROUS DRUG/CONTR SUBST - 35000001","HSC","142.03",0,0,0,0,1,0
"UNLAWFUL POSSESS A DANGEROUS DRUG ENH - 35000071","HSC","483.041(a)",0,0,1,0,0,0
"UNLAWFUL POSSESS DANGEROUS DRUG - 35000072","HSC","483.041(a)",1,0,0,0,0,0
"UNLAWFUL POSSESS FIREARM BY FELON - 52030007","PC","46.05",40,0,51,0,27,1
"UNLAWFUL RESTRAINT - 10990019","PC","20.02(c)",1580,35,2002,40,2497,51
"UNLAWFUL RESTRAINT - 70990051","PC","20.02",4,0,3,0,3,0
"UNLAWFUL RESTRAINT - 70990058","PC","20.02",296,1,198,0,30,0
"UNLAWFUL RESTRAINT LESS THAN 17 YRS OF AGE - 10050001","PC","20.02(c)(1)",67,17,77,16,106,15
"UNLAWFUL RESTRAINT LESS THAN 17 YRS OF AGE - 70990059","PC","20.02",10,2,6,0,8,0
"UNLAWFUL RESTRAINT PUBLIC SERVANT - 48990030","PC","20.02(c)(2)(B)",1,0,10,0,12,0
"UNLAWFUL RESTRAINT:EXPOSE TO SBI - 10990020","PC","20.02(c)(2)(A)",148,0,196,6,219,1
"UNLAWFUL RESTRAINT:EXPOSE TO SBI - 70990052","PC","20.02(c)(2)",29,3,15,0,1,0
"UNLAWFUL RESTRAINT:PEACE OFFICER/JUDGE - 48990016","PC","20.02(c)(3)",4,4,5,1,1,0
"UNLAWFUL SALE/PURCHASE AQUATIC PROD =<300LBS - 62990074","PWC","47.053(a)(3)",0,0,1,0,0,0
"UNLAWFUL TRANSFER OF HANDGUN UNDER 18YOA - 52140008","PC","46.06(d)(1)",2,2,6,2,8,1
"UNLAWFUL USE OF EQUINE PRODUCTS - 55120010","HSC","433.033",0,0,0,0,1,0
"UNLAWFUL USE OF FIREWORKS - 52060001","PC","50.02(b)",1,1,3,0,4,0
"UNLAWFUL USE OF FIREWORKS CAUSES SBI - 52060003","PC","50.02(d)",0,1,0,0,0,0
"UNLAWFUL USE OF OFFICE TITLE - 73990303","EC","255.006",0,0,4,0,0,0
"UNLAWFULLY ENTER PRIVATE RESIDENCE - 57070009","HSC","161.011",0,0,1,0,1,0
"UNLW PRD/DSTR DP FKE SEX EXPL DPCT <18 YOA IAT - 37990010","PC","21.165(c)(2)",0,0,0,0,1,1
"UNMANNED AIRCRAFT AIRPRT/MILITARY INSTALLATION - 53990036","PC","42.15(d)",0,0,1,0,2,0
"UNMANNED AIRCRAFT AIRPRT/MILITARY/SPACEPORT - 53990038","PC","42.15(d)",0,0,0,0,1,0
"UNMANNED AIRCRAFT CORR/DET FACILITY - 53990033","PC","38.115(d)",0,0,0,0,1,0
"UNMANNED AIRCRAFT CRIT INFRASTRUCTURE FACILITY - 53990031","GC","423.0045(d)",0,0,2,0,1,0
"UNMNND AIRCRFT AIRPRT/MILITRY INSTAL PREV CONV - 53990037","PC","42.15(d)",0,0,0,0,1,0
"UNMNND AIRCRFT AIRPRT/MILITRY/SPACE PREV CONV - 53990039","PC","42.15(d)",0,0,0,0,1,0
"UNREGULATED CUSTODY TRANSFER ADOPTED CHILD - 38990033","PC","25.081(c)",0,0,0,0,1,0
"USE ANOTHERS PASS FOR TRANSPORTATION - 26070167","VCS","4006b",0,0,1,0,0,0
"USE ILL OBTAINED LIC/CERTIF - 26990006","VCS","6687b(33A)",0,0,2,2,0,0
"USE ILLEGAL LICENSE/CERTIFICATE - 26990101","TRC","521.455",4,0,6,0,3,0
"USE OF CHILD FOR SALES/SOLICITATION - 70990066","LC","51.0145",1,0,0,0,0,0
"USE OF INFORMATION/RECORDS CONFIDENTIAL - 57990028","HSC","672.009",0,0,0,0,1,0
"USE OF INSULTING/THREATENING/OBSENE LANGUAGE - 72990021","LC","101.153",1,0,2,0,0,0
"USE OF PROTECTED TERM IN NAME OF INSTITUTION - 73990724","EDC","61.313(i)",0,0,1,0,0,0
"USE RACKETEERING/UNLAW DEBT COLLECTION PROCEED - 73990742","PC","72.02(b)",0,0,3,0,3,0
"USE WIRELESS DEV MESSAGE DRIVING CAUSE SBI/DTH - 54990071","TRC","545.4251(f)",0,0,1,0,2,0
"USE/POS INHAL PARA/INTR HMN BDY VOLATILE CHEM - 35500018","HSC","484.004(a)",3,0,10,0,0,0
"USED OIL APPLY TO ROAD/LAND/DUST SUPPRESS/ENH - 62050044","HSC","371.041(b)(5)",0,0,1,0,1,0
"USES MINOR IN SALE/DISTR/DISPLAY HARMF MATER - 37000002","PC","43.24(b)(3)",2,0,2,0,1,0
"USES MINOR IN SELL/DISTR/DISPLAY HARMF MATER - 37020003","PC","43.24(b)(3)",1,0,0,0,0,0
"USES MINOR SELL/DISTR/DISPLAY HARMF MATERIAL - 37990005","PC","43.24(d)",3,0,2,0,0,0
"VANDALIZE CAVE - 29030013","NRC","201.041(b)",0,0,1,0,0,0
"VEH INSPECTION RPT/INSURANCE DOC VIOLATION - 26990201","TRC","548.603(d)",10,0,16,0,20,0
"VEHICLE TOWING VIOLATION KNOW/INTENTIONALLY - 73991078","OC","2308.405",1,0,0,0,3,0
"VETERINARIANS REGULATIONS - 73990512","OC","801.504",1,0,0,0,0,0
"VIOL BOND/PROTECTIVE ORDER - 38990017","PC","25.07",352,0,272,0,155,0
"VIOL BOND/PROTECTIVE ORDER - 38990027","PC","25.07(g)",6286,8,7002,1,7782,4
"VIOL BOND/PROTECTIVE ORDER 2+ PREV CONV IAT - 38990028","PC","25.07(g)(1)",11,0,14,0,5,0
"VIOL BOND/PROTECTIVE ORDER 2+ PREV CONV IAT - 50160004","PC","25.07(g)(2)(A)",103,0,112,0,117,0
"VIOL BOND/PROTECTIVE ORDER 2+ PREV CONVICTIONS - 38990018","PC","25.07(g)",12,0,20,0,2,0
"VIOL BOND/PROTECTIVE ORDER 2+ TIMES W/I 12 MO - 38990026","PC","25.072(e)",1085,0,1213,0,1261,0
"VIOL BOND/PROTECTIVE ORDER ASSAULT/STALK IAT - 38990029","PC","25.07(g)(2)",33,0,38,0,18,0
"VIOL BOND/PROTECTIVE ORDER ASSAULT/STALK IAT - 50160005","PC","25.07(g)(2)(B)",483,0,790,0,867,0
"VIOL BOND/PROTECTIVE ORDER ASSAULT/STALKING - 38990019","PC","25.07(g)",146,1,75,1,15,0
"VIOL CHILD LABOR LAWS - 73990727","LC","51.031(b)",0,1,0,0,0,0
"VIOL CHILD LABOR LAWS - 73990728","LC","51.031(a)",0,0,0,0,1,0
"VIOL CIVIL RIGHTS OF PERSON IN CUSTODY HB3157 - 56990013","PC","39.04(b)",9,0,6,0,16,0
"VIOL CIVIL RIGHTS OF PERSON IN CUSTODY SB312 - 56990015","PC","39.04(b)",1,0,0,0,0,0
"VIOL COURT ORDER ENJ ORGANIZED CRIME ACT - 73990391","PC","71.021(c)",0,0,14,0,9,0
"VIOL DANG DRUG PROVISION NOT SPECIFIED - 35990103","HSC","483.052(a)",0,0,0,0,1,0
"VIOL MOTOR FUEL TAX REQUIREMENTS 3 OR MORE - 61990043","TC","162.405(f)",6,0,5,0,1,0
"VIOL MOTOR VEHICLE TITLE SERVICE PROVISION - 25070002","TRC","520.061(b)",0,0,0,0,2,0
"VIOL OF CLEAN AIR ACT - 62050065","WC","7.177",4,0,5,0,2,0
"VIOL OF COURT ORDER PUBLIC NUISANCES - 50160002","CPR","125.066",0,1,4,0,1,0
"VIOL OF EMERGENCY MANAGEMENT PLAN - 53990021","GC","418.173(b)",2,0,2,0,0,0
"VIOL OF EMERGENCY MANAGEMENT PLAN - 55990047","GC","418.173",0,0,0,0,1,0
"VIOL OF HANDLING USED OIL - 62050056","WC","7.176(a)",11,0,17,0,8,0
"VIOL OF MOTOR FUEL TAX REQUIREMENTS - 61990039","TC","162.405(b)",8,0,5,0,3,0
"VIOL OF MOTOR FUEL TAX REQUIREMENTS - 61990040","TC","162.405(c)",5,0,1,0,0,0
"VIOL OF MOTOR FUEL TAX REQUIREMENTS - 61990041","TC","162.405(d)",9,0,29,0,15,0
"VIOL OF MOTOR FUEL TAX REQUIREMENTS - 61990042","TC","162.405(e)",113,0,134,0,86,0
"VIOL OF OCCUPATIONAL DRIVERS LICENSE - 54990028","TRC","521.253",1,0,5,0,3,0
"VIOL OF OCCUPATIONAL DRIVERS LICENSE - 54990040","TRC","521.253(b)",57,0,81,0,100,0
"VIOL OF PROTECTIVE ORDER - 38990001","PC","25.07",22,0,28,0,14,0
"VIOL OF PROTECTIVE ORDER 2+ PREV CONVIC - 38990007","PC","25.07(g)",351,0,37,0,21,0
"VIOL OF PROTECTIVE ORDER ENH - 38990004","PC","25.07(g)",0,0,0,0,1,0
"VIOL OF PROTECTIVE ORDER/ASSAULT/STALKING - 38990008","PC","25.07(g)",0,0,0,0,1,0
"VIOL OF SUSPENSION/REVOCATION OF PERMIT - 62990002","PWC","12.505",2,0,12,0,6,0
"VIOL OPEN MEETING ACT - 73990409","GC","551.144",0,0,3,0,0,0
"VIOL PROTECT ORDER BIAS/PREJUD W/2+ PREV CONV - 38990014","PC","25.071",34,0,40,0,45,0
"VIOL PROTECT ORDER BIAS/PREJUDICE - 38990013","PC","25.071",376,1,323,0,301,1
"VIOL PROTECTION OF OFFICIAL DEVISE/MARK/CERTIF - 73990342","HSC","433.045",1,0,1,0,0,0
"VIOL PROTECTIVE ORDER BY ASSAULT/STALKING - 38990015","PC","25.07(g)",1,0,2,0,0,0
"VIOL PROTECTIVE ORDER ISSUED BASED ON SEX OFF - 50050016","PC","38.112",0,0,3,0,1,0
"VIOL RABIES VACCINATION REQUIREMENT W/PREV CON - 55990067","HSC","826.022(c)",0,0,3,0,3,0
"VIOL RELATING TO HAZARDOUS WASTE - 62050078","WC","7.162(a)(b)",6,0,2,0,1,0
"VIOL RELATING TO HAZARDOUS WASTE - 62050079","WC","7.162(a)(b)",0,0,0,0,1,0
"VIOL STATE ATTY FILED PROTECTIVE ORDER IAT - 50160003","PC","25.07(g)(1)",9,0,10,0,11,0
"VIOLATE AN ESTABLISHED REQ FOR LAND USE REGUL - 73990335","LGC","232.005(b)",1,0,4,0,0,0
"VIOLATION MINES/MINING PERMIT AND ORDERS - 73990349","NRC","131.267",0,0,1,0,0,0
"VIOLATION OF PROTECTIVE ORDER - 38000002","PC","25.08(a)",521,0,28,1,10,0
"VIOLATION OF PROTECTIVE ORDER ENH - 38000003","PC","25.07",2,0,2,0,2,0
"VIOLATION ORDER FOR FIRE HAZARD INSPECTION - 50200051","LGC","352.022",2,0,0,0,0,0
"VIOLATION TEXAS MENTAL HEALTH CODE - 56990019","HSC","571.020(c)",0,0,0,0,1,0
"VNDLZE/DAMAGE/TREAT OFFENSIVE FINAL REST PLACE - 73990705","PC","42.08(b)",3,0,0,1,2,1
"VOTE HARVESTING - 59990110","EC","276.015(f)",0,0,0,0,24,0
"VOYEURISM - 36190005","PC","21.17(b)",0,0,0,0,4,0
"VOYEURISM: 2 OR MORE CONVICTIONS - 36190003","PC","21.17(c)",1,0,1,0,0,0
"VOYEURISM: 2+ CONV 18 YOA SCHOOL PREM IAT - 36190006","PC","21.17(c)",0,0,0,0,2,0
"VOYEURISM: VICTIM UNDER 14 YOA - 36190002","PC","21.16(d)",2,0,2,0,0,0
"VOYEURISM: VICTIM UNDER 14 YOA - 36190004","PC","21.17(d)",2,1,5,1,5,0
"WATER VESSEL ACCDNT DEATH/SBI FAIL ASSIST/INFO - 54990042","PWC","31.127(d)",0,0,0,0,1,0
"WATER VESSEL ACCIDENT FAIL TO ASSIST/GIVE INFO - 54990043","PWC","31.127(e)",0,0,0,0,1,0
"WEAPON OFFENSE CLASS C - 52999999","X","CLASS C",13,0,19,0,18,0
"WEAPONS VIOL IN WEAPON FREE ZONE - 52003333","PC","GENERAL TEXT",2,3,0,0,0,0
"WRONG FICT/ALTERED/OBSCURED VEH PLATE/REG - 26990138","TRC","502.409",42,0,22,0,10,0
"WRONG LIC PLATE FOR DIFFERENT VEHICLE - 26990066","TRC","502.408",0,0,0,0,1,0
"WRONG/FICTITIOUS/UNCLEAN LIC PLATE - 26990061","TRC","502.409",2,0,0,0,0,0
"WRONGFUL POSS SOFT/HARDWARE ONLINE NOTARY - 73990707","GC","406.113(b)",0,0,0,0,1,0
"TOTALS",NA,NA,810388,51758,827594,49233,831210,44782
